"startup_id","error"
"8565",""
"8568",""
"8571",""
"8572",""
"8574",""
"8575",""
"8576",""
"8577",""
"8592",""
"8594",""
"8595",""
"8597",""
"8599",""
"8614",""
"8615",""
"8617",""
"1188","no results found"
"1390","multiple results found"
"1500","no gs list found"
"1679","no results found"
"1471","multiple results found"
"1512","no gs list found"
"1729","no results found"
"1739","no results found"
"8598",""
"1665","no results found"
"1870","no results found"
"8605",""
"8606",""
"8607",""
"1808","no results found"
"1846","no gs list found"
"1962","no results found"
"1798","no gs list found"
"2003","no results found"
"1865","no results found"
"2081","no results found"
"8587","no results found"
"8581",""
"8583",""
"8588",""
"8589",""
"2016","no gs list found"
"2137","no results found"
"203",""
"2223","no results found"
"373",""
"229",""
"233",""
"236",""
"417","no results found"
"429","no results found"
"421",""
"440",""
"448",""
"255",""
"257",""
"459",""
"773",""
"2054","no results found"
"533",""
"534",""
"8580",""
"8590",""
"295",""
"300","no results found"
"460",""
"8609",""
"7466","no gs list found"
"6416","multiple results found"
"6285","no results found"
"6902","no results found"
"8450","no results found"
"572",""
"382",""
"599",""
"8041","no results found"
"374",""
"377",""
"275",""
"677",""
"396",""
"408",""
"207",""
"244",""
"356",""
"247",""
"555",""
"660",""
"609",""
"400",""
"419",""
"473",""
"474",""
"478",""
"480",""
"2695",""
"563",""
"501",""
"502",""
"506",""
"543",""
"385",""
"332",""
"527",""
"531",""
"933",""
"558",""
"560",""
"573",""
"580",""
"1033","no results found"
"1861",""
"1058",""
"606",""
"622","no results found"
"627",""
"628",""
"1094",""
"634",""
"643",""
"3712",""
"650",""
"659","no gs list found"
"664",""
"670",""
"680",""
"681",""
"687",""
"707","multiple results found"
"697",""
"706",""
"730","no gs list found"
"729",""
"734",""
"334",""
"339",""
"757",""
"1260","no results found"
"772",""
"774",""
"4224",""
"777",""
"778",""
"779",""
"781",""
"789",""
"807",""
"814","no gs list found"
"810",""
"811",""
"815",""
"816",""
"4092",""
"4549",""
"844","multiple results found"
"829",""
"839",""
"841",""
"856","no results found"
"852",""
"858",""
"4206",""
"1491",""
"348","no gs list found"
"882","no gs list found"
"346",""
"347",""
"349",""
"901","multiple results found"
"900",""
"904",""
"1576",""
"9684",""
"959",""
"1624",""
"5164",""
"977","no results found"
"5213","no gs list found"
"1681",""
"1691",""
"4673",""
"1085",""
"1823",""
"5224",""
"1103","no results found"
"1110",""
"1894","no results found"
"1856",""
"1871",""
"1147",""
"1148",""
"1154","no gs list found"
"1927",""
"1170",""
"1180","no gs list found"
"1193",""
"1205",""
"5817",""
"1213",""
"3501",""
"1227",""
"6648",""
"1251","no results found"
"2126",""
"6074",""
"1263",""
"3531",""
"1274","no results found"
"1273",""
"2158",""
"1285","multiple results found"
"1297",""
"1299",""
"1302",""
"1314",""
"337",""
"1334",""
"2257",""
"2259",""
"2272",""
"2280",""
"2282",""
"2292",""
"1365",""
"1369",""
"2336",""
"2297",""
"1376","no gs list found"
"2317",""
"2323",""
"1371",""
"1384",""
"7473",""
"1391","no gs list found"
"9126",""
"2351",""
"2356",""
"2361",""
"2364",""
"2365",""
"4030",""
"1421",""
"1423",""
"1425",""
"1426",""
"6891",""
"726",""
"728",""
"732",""
"1444",""
"1451",""
"1458",""
"2444",""
"2453",""
"2458",""
"2462",""
"2467",""
"2480",""
"213","no results found"
"216",""
"2494",""
"2500",""
"2503",""
"2512",""
"2514",""
"2517",""
"2519",""
"403","no results found"
"387",""
"1119",""
"2566",""
"2573",""
"1521",""
"2486",""
"1536",""
"1538",""
"1543",""
"2590",""
"2596",""
"8205",""
"2597",""
"2610",""
"2613",""
"2614",""
"2625",""
"1555","no results found"
"10046",""
"2536",""
"1554",""
"4448",""
"2643",""
"2665",""
"2666",""
"2670",""
"4665",""
"1577",""
"2585",""
"2686",""
"2690",""
"2700",""
"2708",""
"8717",""
"273","no gs list found"
"412",""
"264",""
"268",""
"269",""
"272",""
"276",""
"407",""
"523",""
"546",""
"464",""
"586",""
"594",""
"635",""
"638",""
"354",""
"358","no gs list found"
"355",""
"361",""
"381",""
"425",""
"426",""
"431",""
"441",""
"787",""
"9432",""
"481","no gs list found"
"451",""
"457",""
"458",""
"482",""
"820",""
"487",""
"2496",""
"2669","no results found"
"4655",""
"4657",""
"4668",""
"4674",""
"2674",""
"2676",""
"3320",""
"4535",""
"2688",""
"1756",""
"492","no results found"
"4689","no results found"
"493",""
"494",""
"4705",""
"4712",""
"2727",""
"4733",""
"4734",""
"4737",""
"4741",""
"4743",""
"4749",""
"4750",""
"4754",""
"4756",""
"4761",""
"2728",""
"2749",""
"2751",""
"2756",""
"5189",""
"2757",""
"2765",""
"2766",""
"2767",""
"2769",""
"2770",""
"4731",""
"2788",""
"2791",""
"2793",""
"2794",""
"10029",""
"2804","no gs list found"
"2800",""
"2806",""
"4889",""
"4894",""
"2815",""
"2816",""
"4927",""
"509",""
"513",""
"514",""
"520",""
"525",""
"4943",""
"4958",""
"2822",""
"2824",""
"2830",""
"2831",""
"2834",""
"2837",""
"2839",""
"2841",""
"2844",""
"4972",""
"4978",""
"4982",""
"4984",""
"5009",""
"863",""
"539",""
"5012",""
"2866",""
"2867",""
"2868",""
"2871",""
"2876",""
"2877",""
"2881",""
"2885",""
"2886",""
"5069",""
"5088",""
"5098",""
"5112",""
"2916",""
"2920",""
"2927",""
"2958",""
"2959",""
"5116",""
"2960",""
"2961",""
"2962",""
"5117",""
"5122",""
"5128",""
"5129",""
"5147",""
"5151",""
"2966",""
"2982",""
"2983",""
"2985",""
"2987",""
"2989",""
"2993",""
"2994",""
"2998",""
"2999",""
"3003",""
"3009",""
"3012",""
"3013",""
"3014",""
"3016",""
"3019",""
"5229",""
"5232",""
"5240",""
"3037",""
"3040",""
"3041",""
"3042",""
"3043",""
"3045",""
"3046",""
"3047",""
"3048",""
"3050",""
"3051",""
"3052",""
"3053",""
"3055",""
"3073","no gs list found"
"3057",""
"3065",""
"3068",""
"3070",""
"3072",""
"3075",""
"3077",""
"5317",""
"5328",""
"5348",""
"5355",""
"5604",""
"3082",""
"3084",""
"3086",""
"5373",""
"5395",""
"5396",""
"3114",""
"3116",""
"3117",""
"3119",""
"3128",""
"3129",""
"3130",""
"3131",""
"3132",""
"3135",""
"5432",""
"5446",""
"5448",""
"3247",""
"5309",""
"3151",""
"3152",""
"3159",""
"3160",""
"3162",""
"3164",""
"3165",""
"3166",""
"3167",""
"5459",""
"5460",""
"5478",""
"5495",""
"5505",""
"5506",""
"3196",""
"3201",""
"3202",""
"3203",""
"3488",""
"3217","multiple results found"
"3211",""
"3213",""
"5516",""
"5522",""
"5526",""
"3216",""
"3218",""
"5579",""
"5581",""
"5457",""
"3245",""
"5648",""
"3251",""
"3254",""
"605","no gs list found"
"592","no gs list found"
"1017","multiple results found"
"3256",""
"591",""
"595",""
"3257",""
"3264","no gs list found"
"3260",""
"3261",""
"3270",""
"3271",""
"5664",""
"5679",""
"5689",""
"3272",""
"3274",""
"3275",""
"3279",""
"3280",""
"3619",""
"5555",""
"3309",""
"3315",""
"3317",""
"3321",""
"3322",""
"3323",""
"3324",""
"3327",""
"3331",""
"5756",""
"5758",""
"5767",""
"5788","no results found"
"3343",""
"3348",""
"3351",""
"3354",""
"3355",""
"3356",""
"3359",""
"611",""
"2344",""
"619",""
"621",""
"3360",""
"5803",""
"3385",""
"3390",""
"3392",""
"3393",""
"5853",""
"5879",""
"5880",""
"5883",""
"3398",""
"3399",""
"3402",""
"3403",""
"3426",""
"3428",""
"5896",""
"5898",""
"5907",""
"5909",""
"5916",""
"5919",""
"5924",""
"5927",""
"3436",""
"3437",""
"3441",""
"6674",""
"3471",""
"3473",""
"3475",""
"3477",""
"5999",""
"6000",""
"6005",""
"3502",""
"3504",""
"3505",""
"3508",""
"3510",""
"3512",""
"3544",""
"3546",""
"2212",""
"3553","no results found"
"3549",""
"3552",""
"3554",""
"3560",""
"3564",""
"3575","no results found"
"3566",""
"3571",""
"3574",""
"3576",""
"3594",""
"3597",""
"3599",""
"3601",""
"3602",""
"3604",""
"3612",""
"3614",""
"3621",""
"6202",""
"6204",""
"6207",""
"2254",""
"6217",""
"3647",""
"3648",""
"3653",""
"3655",""
"6237",""
"6247","no results found"
"6242",""
"6257",""
"6284","no results found"
"3662",""
"3690",""
"6291",""
"6292",""
"6305",""
"3694",""
"3695",""
"3697",""
"3700",""
"3702",""
"3703",""
"3705",""
"3720",""
"10440",""
"3725",""
"2321",""
"3727",""
"3730",""
"3733",""
"3739",""
"3741",""
"3746",""
"3748",""
"3749",""
"3754",""
"3755",""
"3758",""
"6380",""
"3777","no gs list found"
"6397",""
"3772",""
"3775",""
"3776",""
"3779",""
"3780",""
"3782",""
"3783",""
"3785",""
"3786",""
"3789",""
"3791",""
"6429",""
"6431",""
"6435",""
"6436",""
"6441",""
"6445",""
"6446",""
"6451",""
"6465",""
"6466",""
"6468",""
"3906",""
"3792",""
"3793",""
"3809",""
"3813",""
"6486",""
"2483",""
"6500",""
"6502",""
"6505",""
"6514",""
"3816",""
"3819",""
"3827",""
"3828",""
"3829",""
"6370",""
"3831",""
"3833",""
"3847",""
"6557",""
"3961",""
"3858",""
"3867",""
"3868",""
"3869",""
"3871",""
"3873",""
"6569",""
"6577",""
"6578",""
"6585",""
"6587",""
"3899",""
"3904",""
"3908",""
"6625",""
"6628",""
"6640",""
"6645",""
"6650",""
"6655",""
"3910",""
"3913",""
"3916",""
"6520",""
"3917",""
"3935",""
"3936",""
"6662",""
"690",""
"693",""
"694",""
"1231",""
"6676",""
"6687",""
"6694",""
"3937",""
"3945",""
"3948",""
"3950",""
"3953",""
"3955",""
"3956",""
"7410",""
"3958",""
"6563",""
"3959",""
"3960",""
"3963",""
"3964",""
"3986",""
"3988",""
"3990",""
"3993",""
"3995",""
"3997",""
"3999",""
"4000",""
"4001",""
"4002",""
"6137",""
"4004",""
"4005",""
"6810",""
"6815",""
"6824",""
"6825",""
"6827",""
"4028",""
"4033",""
"6861",""
"6880",""
"6886",""
"6890",""
"6893",""
"6894",""
"2420",""
"6905",""
"4055",""
"4058",""
"4059",""
"4064",""
"6756",""
"4065",""
"4067",""
"4068",""
"4069",""
"4071",""
"4073",""
"6919",""
"6923",""
"6924",""
"6925",""
"6926",""
"6930",""
"6933",""
"6936",""
"6937",""
"6944",""
"6946",""
"6951",""
"1276",""
"1303",""
"6953",""
"6954",""
"4081",""
"4082",""
"4083",""
"4085",""
"6981",""
"6987",""
"6992",""
"6993",""
"6998",""
"4088",""
"4089",""
"4095",""
"4096",""
"4098",""
"6711",""
"4102",""
"7690",""
"7025",""
"7038",""
"742",""
"747",""
"750",""
"752",""
"755",""
"7051",""
"4219",""
"4132",""
"4133",""
"4138",""
"4141",""
"4142",""
"4143",""
"7090",""
"749","no gs list found"
"4135","no results found"
"6908","no results found"
"7103",""
"7108",""
"4152",""
"6907",""
"4154",""
"4155",""
"4156",""
"4157",""
"4158",""
"4159",""
"4162",""
"4163",""
"4167",""
"4168",""
"4169",""
"4171",""
"4172",""
"4173",""
"4174",""
"6958",""
"7010",""
"4175",""
"4176",""
"4177",""
"6999",""
"4199",""
"4200",""
"7167",""
"7170",""
"7171",""
"7184",""
"7202",""
"7209",""
"4201",""
"4203",""
"4221",""
"4225",""
"4226",""
"4252","no gs list found"
"4248","no gs list found"
"7288","no results found"
"4227",""
"7212",""
"7218",""
"7221",""
"7238",""
"7241",""
"7243",""
"7247",""
"7248",""
"7253",""
"7254",""
"7255",""
"7256",""
"7261",""
"4234",""
"4238",""
"4240",""
"4242",""
"7283",""
"7289",""
"7295",""
"7298",""
"4251",""
"4254",""
"4255",""
"4262",""
"4265",""
"4266",""
"4267",""
"4268",""
"4270",""
"4272",""
"4273",""
"4275",""
"4276",""
"7315",""
"7335",""
"4293",""
"4343",""
"4298",""
"4299",""
"4300",""
"4301",""
"4304",""
"7361",""
"7363",""
"7397",""
"4314",""
"4315",""
"7441",""
"7448",""
"7452",""
"4347",""
"4348",""
"4351",""
"4356","no results found"
"4402","no results found"
"4357",""
"4385",""
"5115",""
"4392",""
"4394",""
"4396",""
"4397",""
"4399",""
"4404",""
"4408",""
"7517",""
"8159",""
"7576",""
"7589",""
"7591",""
"7592",""
"7593",""
"7594",""
"4461",""
"4462",""
"4463",""
"4466",""
"4467",""
"4473",""
"4475",""
"7622",""
"7628",""
"7638",""
"4521","no gs list found"
"7641",""
"7658",""
"7661",""
"4477",""
"4478",""
"4479",""
"4480",""
"7612",""
"4484",""
"4492",""
"4514",""
"4518",""
"4524",""
"4529",""
"4538",""
"4542",""
"4544",""
"4548",""
"4550",""
"4585",""
"4588",""
"7662",""
"4598",""
"4600",""
"4602",""
"4603",""
"4604",""
"4605",""
"4607",""
"8411",""
"4625",""
"4627",""
"4628",""
"4630",""
"4631",""
"4632",""
"4633",""
"4634",""
"4636",""
"7815",""
"7817",""
"7820",""
"7832",""
"7841",""
"7854",""
"7855",""
"4642",""
"4662",""
"4664",""
"4666",""
"4667",""
"4669",""
"4671",""
"7865",""
"7871",""
"7868",""
"7878",""
"7884",""
"7886",""
"7888",""
"7899",""
"7904",""
"7908",""
"4675",""
"4676",""
"4678",""
"4679",""
"4681",""
"4682",""
"4683",""
"4685",""
"7945",""
"7946",""
"7948",""
"7950",""
"7953",""
"7954",""
"7955",""
"7956",""
"7957",""
"4697",""
"4699",""
"4701",""
"4702",""
"4703",""
"4704",""
"4707",""
"4708",""
"7992",""
"8004",""
"4709",""
"4713",""
"4714",""
"4715",""
"4718",""
"4752",""
"4755",""
"8013",""
"8018",""
"8026",""
"8033",""
"8047",""
"8055",""
"8059",""
"8060",""
"8061",""
"4782",""
"4784",""
"8066",""
"8075",""
"8080",""
"8089",""
"8091",""
"8093",""
"8095",""
"8099",""
"8110",""
"4785",""
"4787",""
"4788",""
"4789",""
"4790",""
"4794",""
"4795",""
"7960",""
"4798",""
"4811",""
"4817",""
"4818",""
"4820",""
"4822",""
"4823",""
"4824",""
"4827",""
"4831",""
"4832",""
"4835",""
"4838",""
"4844",""
"4845",""
"8167",""
"8170",""
"4872",""
"4876",""
"4877",""
"4878",""
"8112",""
"8216",""
"8217",""
"916",""
"917",""
"866",""
"4813","no results found"
"4833","no gs list found"
"4842","no gs list found"
"4871","no results found"
"879",""
"880",""
"8233",""
"8243",""
"8244",""
"8247",""
"8253",""
"4912",""
"4916",""
"8263",""
"8267",""
"8280",""
"8285",""
"8296",""
"8297",""
"8304",""
"4921",""
"4924",""
"4928",""
"4929",""
"888",""
"4946",""
"8201",""
"8315",""
"8325",""
"8330",""
"4915","multiple results found"
"4930","no results found"
"8339","no results found"
"8336",""
"8337",""
"8341",""
"8342",""
"8344",""
"8346",""
"8348",""
"8353",""
"8356",""
"8357",""
"4949",""
"4950",""
"4951",""
"4952",""
"4953",""
"4954",""
"4955",""
"4956",""
"4957",""
"4959",""
"8371",""
"8373",""
"8396",""
"8402",""
"4961",""
"4962",""
"4965",""
"4967",""
"4968",""
"4969",""
"4970",""
"4971",""
"7914",""
"906","no results found"
"915","no gs list found"
"4973",""
"4974",""
"4975",""
"4976",""
"8423",""
"8415",""
"8431",""
"8435",""
"8437",""
"8440",""
"8449",""
"908",""
"910",""
"914",""
"8456",""
"4977",""
"4981",""
"4983",""
"4985",""
"8498",""
"5010",""
"5014",""
"8506",""
"8514",""
"5019","no results found"
"8430","no results found"
"8516",""
"8517",""
"5030",""
"8559",""
"8564",""
"8582",""
"8601",""
"925",""
"935",""
"8602",""
"5036",""
"5039",""
"5044",""
"5045",""
"5047",""
"5049",""
"5050",""
"8359",""
"5105",""
"8639",""
"8643",""
"8648",""
"8650",""
"8653",""
"5068",""
"5071",""
"5075",""
"5076",""
"5077",""
"8798","no gs list found"
"957",""
"2621",""
"5079",""
"5080",""
"5083",""
"5084",""
"5085",""
"5086",""
"5089",""
"5103",""
"5107",""
"8552",""
"5108",""
"5109",""
"8712",""
"8734",""
"5212",""
"5111",""
"5114",""
"5119",""
"5121",""
"5124",""
"5125",""
"5150",""
"5152",""
"5157",""
"5162",""
"5163",""
"8800",""
"8771",""
"963","no results found"
"5178","no results found"
"5238","no results found"
"8773",""
"8784",""
"8793",""
"8794",""
"8803",""
"8807",""
"8827",""
"8834",""
"8841",""
"8842",""
"8849",""
"5176",""
"5177",""
"970",""
"5180",""
"5181",""
"5182",""
"2545",""
"8709",""
"5193",""
"9399",""
"8885",""
"8888",""
"8896",""
"8901",""
"5200",""
"5206",""
"5208",""
"8736",""
"8922",""
"8924",""
"8946",""
"5326",""
"5214",""
"5216",""
"5222",""
"5260","no gs list found"
"5243",""
"5253",""
"8983",""
"8993",""
"8995",""
"8996",""
"9001",""
"5255",""
"5257",""
"9002",""
"5261",""
"5265",""
"5269",""
"5307",""
"5312",""
"8903",""
"989",""
"992",""
"1668",""
"8904",""
"5332",""
"5335",""
"5336",""
"5338",""
"5339",""
"5341",""
"5343",""
"9111",""
"9113",""
"9125",""
"9140",""
"9145",""
"5360",""
"5361",""
"5362",""
"5363",""
"5365",""
"5368",""
"5369",""
"5370",""
"5371",""
"9199",""
"5374",""
"5375",""
"5377",""
"5378",""
"5380",""
"5382",""
"1773",""
"5390",""
"9215",""
"9216",""
"9218",""
"9228",""
"9237",""
"9244",""
"9249",""
"5418",""
"5419",""
"5426",""
"5429",""
"5430",""
"5431",""
"5434",""
"5435",""
"5436",""
"5437",""
"5438",""
"5439",""
"5454",""
"5455",""
"5458",""
"8262",""
"9157",""
"1014",""
"1018",""
"5461",""
"5463",""
"5466",""
"5467",""
"5470",""
"5472",""
"5473",""
"5474",""
"5475",""
"5477",""
"5479",""
"5481",""
"5482",""
"9314",""
"9315",""
"9329",""
"5490",""
"5491",""
"5492",""
"5493",""
"5496",""
"5498",""
"5499",""
"5502",""
"5503",""
"1034",""
"1734",""
"5504",""
"5507",""
"5508",""
"5509",""
"5510",""
"5511",""
"5514",""
"9370",""
"9364",""
"9374",""
"9377",""
"9385",""
"9386",""
"9387",""
"9396",""
"9400",""
"5531",""
"5532",""
"5533",""
"5534",""
"5535",""
"5538",""
"9414",""
"9426",""
"9435",""
"5539",""
"5540",""
"5543",""
"5544",""
"5546",""
"5548",""
"5549",""
"5551",""
"9312",""
"5552",""
"5553",""
"5554",""
"5558",""
"5559",""
"9471",""
"9474",""
"9476",""
"9480",""
"9481",""
"1048","no gs list found"
"9482",""
"9486",""
"9491",""
"5590",""
"5593",""
"5596",""
"1051",""
"5597",""
"9361",""
"5600",""
"9532",""
"9547",""
"5629",""
"9546","no results found"
"5634",""
"5635",""
"5636",""
"5639",""
"5640",""
"5641",""
"5642",""
"9575",""
"1787",""
"9588",""
"9603",""
"9614",""
"5646",""
"9451",""
"5667",""
"5668",""
"5669",""
"5671",""
"5673",""
"5674",""
"9619",""
"9620",""
"9624",""
"9625",""
"9640",""
"9653",""
"9658",""
"9660",""
"5733","no results found"
"5755","no gs list found"
"9661",""
"5677",""
"5681",""
"5682",""
"5683",""
"5684",""
"1797",""
"1801",""
"5688",""
"10134",""
"5706",""
"5709",""
"9562",""
"5717",""
"5719",""
"5721",""
"5723",""
"5729",""
"5747",""
"9567",""
"5757",""
"5760",""
"5761",""
"5762",""
"5763",""
"5764",""
"5888",""
"5765",""
"5766",""
"9770",""
"9773",""
"9786",""
"9787",""
"9788",""
"9791",""
"8610",""
"5797",""
"5798",""
"9821",""
"9823",""
"9839",""
"9847",""
"9859",""
"9864",""
"5800",""
"5802",""
"5806",""
"5807",""
"9912",""
"5960",""
"5828",""
"5831","no results found"
"5793","no results found"
"5805","no gs list found"
"9842","no results found"
"5833",""
"5834",""
"5837",""
"5838",""
"5839",""
"5840",""
"5841",""
"5842",""
"5847",""
"5849",""
"5850",""
"5852",""
"5854",""
"5856",""
"5857",""
"5859",""
"9953",""
"6006",""
"5868",""
"5870",""
"5872",""
"5873",""
"5875",""
"5881",""
"5882",""
"5884",""
"9975",""
"9979",""
"9984",""
"9991",""
"9993",""
"10000",""
"10003",""
"5885",""
"5911",""
"5912",""
"5956","no results found"
"5914",""
"5918",""
"5920",""
"5921",""
"5922",""
"5923",""
"10020",""
"10040",""
"10049",""
"10050",""
"10053",""
"10063",""
"6043",""
"5925",""
"5929",""
"5932",""
"5935",""
"5936",""
"10535",""
"5951",""
"5952",""
"5954",""
"5955",""
"5958",""
"10084",""
"10073",""
"10087",""
"10089",""
"10090",""
"10099",""
"10105",""
"10108",""
"5963",""
"5964",""
"5966",""
"5967",""
"5969",""
"5971",""
"5972",""
"5973",""
"5974",""
"5975",""
"5979",""
"5980",""
"5981",""
"5983",""
"5984",""
"5985",""
"10160",""
"10164",""
"10171",""
"5997",""
"5998",""
"6003",""
"6004",""
"6007",""
"8748",""
"6009",""
"6010",""
"6011",""
"6013",""
"6015",""
"6016",""
"10188",""
"10189",""
"10194",""
"6031",""
"6032",""
"6033",""
"6034",""
"6036",""
"6040",""
"10231",""
"10237",""
"10240",""
"10246",""
"10248",""
"10249",""
"10250",""
"10265",""
"6045",""
"6046",""
"6048",""
"6180",""
"6067",""
"6072",""
"6073",""
"6078",""
"6080",""
"6082",""
"6084",""
"6089",""
"6102",""
"10376",""
"10378",""
"6108",""
"6110",""
"6111",""
"6113",""
"6114",""
"6117",""
"10114","no results found"
"6118",""
"10390",""
"10392",""
"10393",""
"10398",""
"6120",""
"10175",""
"10141",""
"6122",""
"6123",""
"6139",""
"6140",""
"10225",""
"6144",""
"1128",""
"10461",""
"10462",""
"10465",""
"10466",""
"10477",""
"10481",""
"6264",""
"6146",""
"6151",""
"6152",""
"6154",""
"6156",""
"6158",""
"10273",""
"6159",""
"6161",""
"6162",""
"6163",""
"1140","no gs list found"
"6121","no results found"
"10515",""
"6183",""
"6186",""
"6307",""
"6188",""
"10538",""
"10550",""
"10553",""
"10558",""
"6189",""
"6192",""
"6193",""
"6194",""
"6195",""
"6196",""
"6197",""
"6198",""
"6199",""
"6200",""
"6203",""
"6208",""
"6209",""
"10621",""
"10587",""
"10589",""
"10601",""
"10619",""
"10623",""
"10627",""
"10380",""
"6211",""
"6212",""
"6214",""
"1912",""
"6182","no results found"
"1160","no results found"
"6254","no results found"
"6253","no results found"
"6221","no gs list found"
"1916",""
"1918",""
"6218",""
"6220",""
"6222",""
"6223",""
"10655",""
"10658",""
"10661",""
"10664",""
"10667",""
"10672",""
"10683",""
"6248",""
"6251",""
"6255",""
"6256",""
"6259",""
"1167",""
"5560",""
"6260",""
"6261",""
"6265",""
"6267",""
"6268",""
"6270",""
"10721",""
"6277",""
"6278",""
"6280",""
"6283",""
"6288",""
"10530",""
"10534",""
"6293",""
"6294",""
"6295",""
"6302",""
"6309",""
"6310",""
"6313",""
"10746",""
"10748",""
"10750",""
"10756",""
"6318",""
"6319",""
"6325",""
"6327",""
"10795",""
"10798",""
"10805",""
"10807",""
"10828",""
"10831",""
"6282","multiple results found"
"10832",""
"6329",""
"10631",""
"6330",""
"6332",""
"6333",""
"6334",""
"6337",""
"6338",""
"6376",""
"6377",""
"6379",""
"6381",""
"6385",""
"6386",""
"6388",""
"6389",""
"6390",""
"10919",""
"10921",""
"10924",""
"10928",""
"10929",""
"6396",""
"6398",""
"8749",""
"10736",""
"6399",""
"6400",""
"6403",""
"6404",""
"6406",""
"6407",""
"6408",""
"6410",""
"6414",""
"6418",""
"6339","no gs list found"
"6412","no results found"
"10785",""
"6433",""
"6438",""
"6447",""
"6448",""
"6449",""
"6450",""
"6452",""
"6453",""
"6454",""
"6455",""
"6456",""
"6457",""
"6458",""
"6459",""
"6460",""
"2025",""
"2026",""
"2033",""
"1189",""
"1191",""
"10789","no gs list found"
"6488",""
"6489",""
"6490",""
"6492",""
"6493",""
"6494",""
"6496",""
"6497",""
"6498",""
"6501",""
"6503",""
"6504",""
"6506",""
"6507",""
"6524",""
"6526",""
"6527",""
"6528",""
"6529",""
"6530",""
"6531",""
"6534",""
"6535",""
"6536",""
"6537",""
"6539",""
"6540",""
"6545",""
"6546",""
"6549",""
"6550",""
"6565",""
"6568",""
"6574",""
"6575",""
"6576",""
"6582",""
"6583",""
"6584",""
"6586",""
"6588",""
"2051",""
"2067",""
"2077",""
"1221",""
"3438",""
"6589",""
"6592",""
"6611",""
"6612",""
"6616",""
"6629",""
"6630",""
"6631",""
"6633",""
"6634",""
"6635",""
"6637",""
"6638",""
"6641",""
"6643",""
"6644",""
"6646",""
"6647",""
"6649",""
"6652",""
"6653",""
"6656",""
"6657",""
"6658",""
"6659",""
"6660",""
"6661",""
"6682",""
"6683",""
"6686",""
"6688",""
"6689",""
"6691",""
"6692",""
"6693",""
"6695",""
"6696",""
"6698",""
"6700",""
"6704",""
"1241",""
"1242",""
"2113",""
"3524",""
"6707",""
"6709",""
"6710",""
"6712",""
"6713",""
"6720",""
"6721",""
"6722",""
"6724",""
"6727",""
"6728",""
"6730",""
"6732",""
"6734",""
"6738",""
"6739",""
"6743",""
"6881",""
"6745",""
"6747",""
"6768",""
"6769",""
"6778",""
"6780",""
"6790",""
"6793",""
"6795",""
"6796",""
"6797",""
"6799",""
"6819",""
"6820",""
"6822",""
"6830",""
"6831",""
"6832",""
"6835",""
"6836",""
"6839",""
"6840",""
"6874",""
"6875",""
"6878",""
"6879",""
"6882",""
"6884",""
"6885",""
"6887",""
"6889",""
"6892",""
"6900",""
"6901",""
"6904",""
"6909",""
"6979",""
"6910",""
"6913",""
"6920",""
"6921",""
"6922",""
"6927",""
"6929",""
"6931",""
"6935",""
"6938",""
"6939",""
"6960",""
"6963",""
"6964",""
"6965",""
"6966",""
"6967",""
"6969",""
"7118",""
"6971",""
"6972",""
"6974",""
"6976",""
"6977",""
"6978",""
"6982",""
"6984",""
"6986",""
"7003",""
"7004",""
"7005",""
"7007",""
"1284",""
"1292",""
"1293",""
"1295",""
"7008",""
"7461",""
"7011",""
"7012",""
"7013",""
"7015",""
"7018",""
"7020",""
"7024",""
"7027",""
"7029",""
"7032",""
"7033",""
"7034",""
"7035",""
"7036",""
"7041",""
"7065",""
"7067",""
"7069",""
"7071",""
"7072",""
"7073",""
"7076",""
"7080",""
"7081",""
"7082",""
"7084",""
"7088",""
"7091",""
"7093",""
"7102",""
"7104",""
"7105",""
"7109",""
"7111",""
"7113",""
"7115",""
"7117",""
"7121",""
"7132",""
"2198",""
"6336",""
"7155",""
"7158",""
"7159",""
"7160",""
"7161",""
"7162",""
"7172",""
"7173",""
"7174",""
"7175",""
"7176",""
"7177",""
"2209",""
"7178",""
"7180",""
"7185",""
"7186",""
"7206",""
"7208",""
"7210",""
"7211",""
"7213",""
"7214",""
"7217",""
"7220",""
"2249",""
"7224",""
"7225",""
"7226",""
"7227",""
"7249",""
"7250",""
"7251",""
"7252",""
"7257",""
"7264",""
"7268",""
"7269",""
"7272",""
"7278",""
"7280",""
"7282",""
"7284",""
"7285",""
"7287",""
"7291",""
"7292",""
"7294",""
"7296",""
"7297",""
"7300",""
"7301",""
"7302",""
"7305",""
"7306",""
"7307",""
"7308",""
"7321",""
"7322",""
"7325",""
"7327",""
"7328",""
"7329",""
"1351",""
"2176",""
"7330",""
"7334",""
"7336",""
"7337",""
"7338",""
"7341",""
"7342",""
"7344",""
"7346",""
"7349",""
"7350",""
"7352",""
"8815",""
"7357",""
"7364",""
"7365",""
"7372",""
"7373",""
"7374",""
"7375",""
"7378",""
"7381",""
"7383",""
"7384",""
"7386",""
"7387",""
"7389",""
"7390",""
"7391",""
"7395",""
"7398",""
"7406",""
"7407",""
"7408",""
"7409",""
"7413",""
"7415",""
"7418",""
"7420",""
"7421",""
"7422",""
"8816",""
"7424",""
"7425",""
"7426",""
"7427",""
"7428",""
"7430",""
"7433",""
"7436",""
"7438",""
"7439",""
"7440",""
"7444",""
"7462",""
"7463",""
"7464",""
"7467",""
"7468",""
"7469",""
"7470",""
"7471",""
"7472",""
"7475",""
"7477",""
"7478",""
"7544",""
"7481",""
"7482",""
"7483",""
"7487",""
"7488",""
"7490",""
"7515",""
"7516",""
"7518",""
"7519",""
"7523",""
"7526",""
"7527",""
"7530",""
"7531",""
"7532",""
"7534",""
"7535",""
"7538",""
"7540",""
"7541",""
"7543",""
"7546",""
"7556",""
"7557",""
"7559",""
"7561",""
"7706",""
"7565",""
"7567",""
"7570",""
"7571",""
"7572",""
"7574",""
"7575",""
"7577",""
"7578",""
"7579",""
"7582",""
"7583",""
"7584",""
"7585",""
"7587",""
"7588",""
"7590",""
"7596",""
"7597",""
"7598",""
"7601",""
"7608",""
"7609",""
"7610",""
"7613",""
"7614",""
"7615",""
"7616",""
"7617",""
"7618",""
"7620",""
"7623",""
"7624",""
"7626",""
"7629",""
"7633",""
"7642",""
"7649",""
"7651",""
"7653",""
"7654",""
"7657",""
"7660",""
"7664",""
"7665",""
"7666",""
"7670",""
"7778",""
"7671",""
"7806",""
"7673",""
"7674",""
"7675",""
"7677",""
"7678",""
"7644","no gs list found"
"7679",""
"7680",""
"7697",""
"7700",""
"7703",""
"7705",""
"7707",""
"7709",""
"7710",""
"7715",""
"2400",""
"2402",""
"2403",""
"2407",""
"2411",""
"2415",""
"1439",""
"7732",""
"7733",""
"7734",""
"7735",""
"7736",""
"7737",""
"1448",""
"1450",""
"7738",""
"7740",""
"7742",""
"7743",""
"7745",""
"7746",""
"7747",""
"7749",""
"7750",""
"7764",""
"7765",""
"7766",""
"7767",""
"7768",""
"7769",""
"7770",""
"7771",""
"7772",""
"1437","no gs list found"
"7774",""
"7777",""
"7784",""
"7788",""
"7789",""
"7790",""
"7791",""
"7793",""
"7794",""
"7795",""
"7796",""
"7797",""
"7805",""
"7808",""
"7809",""
"7812",""
"7813",""
"7863",""
"7814",""
"7816",""
"7819",""
"7821",""
"7822",""
"7823",""
"7825",""
"7826",""
"7827",""
"7828",""
"7830",""
"7831",""
"7833",""
"7835",""
"7836",""
"7838",""
"7839",""
"7843",""
"7869",""
"7873",""
"7874",""
"7876",""
"7879",""
"7880",""
"7881",""
"2481",""
"1469",""
"2393",""
"1479",""
"7882",""
"7883",""
"7885",""
"7887",""
"7889","no gs list found"
"7909",""
"7913",""
"7916",""
"7918",""
"7920",""
"7921",""
"7930",""
"7931",""
"7932",""
"7933",""
"7935",""
"7936",""
"7940",""
"7941",""
"7942",""
"7943",""
"7944",""
"7949",""
"7952",""
"7958",""
"7963",""
"7964",""
"7965",""
"7966",""
"7967",""
"7968",""
"7970",""
"7971",""
"7972",""
"7973",""
"7974",""
"7991",""
"2534",""
"1501",""
"7997",""
"7999",""
"8005",""
"8006",""
"8007",""
"8008",""
"8010",""
"8011",""
"8012",""
"8742",""
"1504",""
"7994","no results found"
"8193",""
"8031",""
"8032",""
"8035",""
"8038",""
"8039",""
"8040",""
"8043",""
"8044",""
"8046",""
"8048",""
"8049",""
"8050",""
"8051",""
"8053",""
"8056",""
"1518",""
"2541",""
"2554",""
"2563",""
"8208",""
"8057",""
"8063",""
"8067",""
"8068",""
"8069",""
"8071",""
"8072",""
"8073",""
"8074",""
"8076",""
"8077",""
"8078",""
"8079",""
"8081",""
"8084",""
"8087",""
"8088",""
"8101",""
"8104",""
"8105",""
"8106",""
"8107",""
"8109",""
"8111",""
"8113",""
"8114",""
"8115",""
"8116",""
"8117",""
"8118",""
"8119",""
"8121",""
"8122",""
"8123",""
"8124",""
"8126",""
"8127",""
"8129",""
"8131",""
"8147",""
"8148",""
"8149",""
"8152",""
"8153",""
"8155",""
"8156",""
"9302",""
"8158",""
"8160",""
"8162",""
"8164",""
"8166",""
"8171",""
"8174",""
"8176",""
"8178",""
"8190",""
"8192",""
"8196",""
"8198",""
"8200",""
"8202",""
"8204",""
"8206",""
"8209",""
"8210",""
"8212",""
"8215",""
"8218",""
"8219",""
"8225",""
"8226",""
"8227",""
"8228",""
"8229",""
"8230",""
"8231",""
"8232",""
"8234",""
"8235",""
"8238",""
"8239",""
"8242",""
"8271",""
"8274",""
"8275",""
"8278",""
"8279",""
"8281",""
"8284",""
"8286",""
"8287",""
"8292",""
"8295",""
"8298",""
"8300",""
"8301",""
"8302",""
"8307",""
"8309",""
"8311",""
"8313",""
"8318",""
"8320",""
"8321",""
"1565",""
"2637",""
"2638",""
"8327",""
"8329",""
"8331",""
"8332",""
"8333",""
"8334",""
"8335",""
"8338",""
"8340",""
"8343",""
"8345",""
"8347",""
"8349",""
"8350",""
"8354",""
"8355",""
"8358",""
"8361",""
"8363",""
"8364",""
"8365",""
"8367",""
"8369",""
"8370",""
"8408",""
"8409",""
"8410",""
"8414",""
"8416",""
"8418",""
"8421",""
"8422",""
"8434",""
"8438",""
"10625",""
"8482","no results found"
"8441",""
"8444",""
"8448",""
"8451",""
"8452",""
"8453",""
"8458",""
"8479",""
"8480",""
"8481",""
"8483",""
"8484",""
"8486",""
"8492",""
"8493",""
"8495",""
"8499",""
"8502",""
"8503",""
"8505",""
"8507",""
"8509",""
"8512",""
"8515",""
"8523",""
"8524",""
"8528",""
"10700",""
"8522","no results found"
"2673",""
"2677",""
"2681",""
"1571",""
"1575",""
"7773",""
"8531",""
"8533",""
"8534",""
"8535",""
"8553",""
"8554",""
"8555",""
"8556",""
"8557",""
"8560",""
"8619",""
"8620",""
"8621",""
"8623",""
"8624",""
"8625",""
"225",""
"8636",""
"8637",""
"8641",""
"8642",""
"8645",""
"8647",""
"8649",""
"8658",""
"8659",""
"8664",""
"8684",""
"8685",""
"8690",""
"8692",""
"8693",""
"8694",""
"8697",""
"8702",""
"8704",""
"8706",""
"8707",""
"8711",""
"8713",""
"8714",""
"8716",""
"8718",""
"8720",""
"8721",""
"8722",""
"8562",""
"8724",""
"8725",""
"8754",""
"8756",""
"8757",""
"8898",""
"2711",""
"2714",""
"1584",""
"8768",""
"8770",""
"8774",""
"8775",""
"8778",""
"8779",""
"1589","no results found"
"8723","no results found"
"8719","multiple results found"
"8789",""
"8805",""
"8806",""
"8811",""
"8820",""
"8823",""
"2623",""
"1611",""
"1615",""
"1619",""
"8824",""
"8829",""
"8830",""
"8833",""
"8835",""
"8836",""
"8837",""
"8839",""
"8840",""
"8843",""
"8846",""
"8847",""
"10926",""
"8845","no results found"
"8831","no results found"
"8787","multiple results found"
"2747",""
"8857",""
"8863",""
"8864",""
"8880",""
"8892",""
"8893",""
"8894",""
"8897",""
"8900",""
"8902",""
"8905",""
"8907",""
"8908",""
"8911",""
"8912",""
"8913",""
"8914",""
"8915",""
"8917",""
"8918",""
"8919",""
"8920",""
"8921",""
"8923",""
"8925",""
"8926",""
"8929",""
"8931",""
"8932",""
"8943",""
"8945",""
"8947",""
"8948",""
"8949",""
"8953",""
"8955",""
"2752",""
"1627",""
"8956",""
"8959",""
"8963",""
"8964",""
"8967",""
"8971",""
"8974",""
"8977",""
"8978",""
"8980",""
"8981",""
"8992",""
"8994",""
"8997",""
"9430",""
"8999",""
"9000",""
"9005",""
"9008",""
"9014",""
"9018",""
"9019",""
"1632",""
"1874",""
"1651","no gs list found"
"9021",""
"9023",""
"9026",""
"9028",""
"9029",""
"9030",""
"9031",""
"9032",""
"9033",""
"9034",""
"9035",""
"9036",""
"9037",""
"9038",""
"9039",""
"9040",""
"9041",""
"9043",""
"9044",""
"9061",""
"9062",""
"9064",""
"9069",""
"9071",""
"9072",""
"9073",""
"9077",""
"9080",""
"9081",""
"9082",""
"9083",""
"2730",""
"8128",""
"9086",""
"9087",""
"9088",""
"9089",""
"9152",""
"9090",""
"9091",""
"9092",""
"9093",""
"9097",""
"9098",""
"9101",""
"9103",""
"9104",""
"9105",""
"9127",""
"9128",""
"9130",""
"9131",""
"9133",""
"9134",""
"9135",""
"9136",""
"9138",""
"9139",""
"9141",""
"9143",""
"9146",""
"9147",""
"9148",""
"9150",""
"9151",""
"9153",""
"9154",""
"9158",""
"1652",""
"2797",""
"2805",""
"9161",""
"9163",""
"9165",""
"9166",""
"9167",""
"9168",""
"9169",""
"9186",""
"9187",""
"9188",""
"9189",""
"9190",""
"9191",""
"9193",""
"9194",""
"9195",""
"9198",""
"9200","no results found"
"9149","no gs list found"
"9201",""
"9202",""
"9204",""
"9206",""
"9207",""
"9208",""
"9209",""
"9210",""
"9211",""
"9214",""
"9217",""
"9222",""
"9224",""
"9227",""
"9229",""
"9241",""
"9243",""
"9431",""
"2812",""
"2817",""
"2819",""
"2828",""
"9245",""
"9246",""
"9247",""
"9251",""
"9253",""
"9254",""
"9255",""
"9256",""
"9257",""
"9258",""
"9261",""
"9262",""
"9264",""
"9265",""
"9248","multiple results found"
"9269",""
"9271",""
"9274",""
"9277",""
"9278",""
"9279",""
"9280",""
"9281",""
"9283",""
"9284",""
"9285",""
"1658",""
"4937",""
"9287",""
"9309",""
"9311",""
"9317",""
"9319",""
"9320",""
"9321",""
"9323",""
"9325",""
"9326",""
"9331",""
"9332",""
"9337",""
"9338",""
"9339",""
"9342",""
"9343",""
"9344",""
"9272","no results found"
"9336","no results found"
"9348",""
"9350",""
"9351",""
"2836",""
"2865",""
"9366",""
"9367",""
"9369",""
"9373",""
"9378",""
"9381",""
"9382",""
"9383",""
"9384",""
"9388",""
"9389",""
"9391",""
"9393",""
"9394",""
"9395",""
"9397",""
"9398",""
"9402",""
"9406",""
"9407",""
"9409",""
"9411",""
"1680",""
"1682",""
"2771",""
"1692",""
"1693",""
"9412",""
"9462",""
"9413",""
"9437",""
"9438",""
"9446",""
"9449",""
"9452",""
"9453",""
"9454",""
"1705",""
"2907",""
"5001",""
"9455",""
"9456",""
"9457",""
"9464",""
"9466",""
"9468",""
"9470",""
"9475",""
"9477",""
"9478",""
"9499",""
"9500",""
"9501",""
"9503",""
"9504",""
"9445","no results found"
"9440","no gs list found"
"9521",""
"9522",""
"9524",""
"9526",""
"9527",""
"9529",""
"9530",""
"9533",""
"9534",""
"9535",""
"9537",""
"9540",""
"2921",""
"1710",""
"1714",""
"1720",""
"8462",""
"9554",""
"9555",""
"9556",""
"9557",""
"9558",""
"9564",""
"9568",""
"9569",""
"9570",""
"9572",""
"9573",""
"9523","multiple results found"
"9577",""
"1722",""
"8743",""
"2829",""
"2951",""
"2955",""
"2976",""
"9580",""
"9584",""
"9586",""
"9587",""
"9590",""
"9591",""
"9592",""
"9593",""
"9594",""
"9595",""
"9596",""
"9599",""
"9901",""
"9611",""
"1728",""
"1731",""
"1732",""
"9612",""
"9615",""
"9616",""
"9618",""
"9621",""
"9583","no gs list found"
"9622",""
"9626",""
"9627",""
"9628",""
"9629",""
"9630",""
"9631",""
"9633",""
"9634",""
"9636",""
"9637",""
"9639",""
"9641",""
"9642",""
"9644",""
"9646",""
"9650",""
"9651",""
"9652",""
"9654",""
"9655",""
"9656",""
"9657",""
"9659",""
"2880",""
"1754",""
"1757",""
"9665",""
"9666",""
"9676",""
"9679",""
"9682",""
"9683",""
"9685",""
"1749","no gs list found"
"9649","no gs list found"
"9647","no gs list found"
"9686",""
"9687",""
"9688",""
"9689",""
"9690",""
"9692",""
"9693",""
"9694",""
"9696",""
"9697",""
"9698",""
"9699",""
"9700",""
"9701",""
"9702",""
"9703",""
"9704",""
"1763",""
"2986",""
"2996",""
"3005",""
"3006",""
"9706",""
"9708",""
"9709",""
"9710",""
"9712",""
"9715",""
"9717",""
"9718",""
"9722",""
"9723",""
"9724",""
"9748",""
"9749",""
"9751",""
"9752",""
"9755",""
"9756",""
"9714","multiple results found"
"9757",""
"9758",""
"9759",""
"9764",""
"3015",""
"3017",""
"9806","no results found"
"9766",""
"9918",""
"9769",""
"9772",""
"9775",""
"9776",""
"9779",""
"9780",""
"9782",""
"9784",""
"9797",""
"9800",""
"9802",""
"9803",""
"9804",""
"9805",""
"9807",""
"9808",""
"9813",""
"9814",""
"9815",""
"9819",""
"9820",""
"9822",""
"9827",""
"9828",""
"9829",""
"9833",""
"9834",""
"9835",""
"9836",""
"9838",""
"9841",""
"9843",""
"3022",""
"1767",""
"1772",""
"1776",""
"1783",""
"9845",""
"9846",""
"9875",""
"9877",""
"9878",""
"9879",""
"9880",""
"9881",""
"9882",""
"9884",""
"9885",""
"9887",""
"9888",""
"9889",""
"9890",""
"9892",""
"9893",""
"9894",""
"9896",""
"9897",""
"1789",""
"3036",""
"3064",""
"9900",""
"9903",""
"9931",""
"9932",""
"9933",""
"9934",""
"9936",""
"9939",""
"9944",""
"9949",""
"9952",""
"9954",""
"9955",""
"9956",""
"9957",""
"9959",""
"9962",""
"9965",""
"9966",""
"9971",""
"9973",""
"9987",""
"9988",""
"9989",""
"9990",""
"9992",""
"9994",""
"9995",""
"3067",""
"1804",""
"1805",""
"1807",""
"1812",""
"8862",""
"9996",""
"9997",""
"9998",""
"9999",""
"10002",""
"10005",""
"9935","no results found"
"10044","no results found"
"10006",""
"10007",""
"10011",""
"10013",""
"10014",""
"10015",""
"10016",""
"10017",""
"10021",""
"10022",""
"10023",""
"10024",""
"10027",""
"10028",""
"10031",""
"10038",""
"10039",""
"10042",""
"10045",""
"10047",""
"10048",""
"10052",""
"10054",""
"10055",""
"10056",""
"10057",""
"10058",""
"10059",""
"10060",""
"10061",""
"10062",""
"10064",""
"10066",""
"10068",""
"10069",""
"10071",""
"10072",""
"10074",""
"10076",""
"10077",""
"10078",""
"10081",""
"10082",""
"10083",""
"10085",""
"10086",""
"10088",""
"10091",""
"10092",""
"10093",""
"10095",""
"1825",""
"3079",""
"3080",""
"10115",""
"10116",""
"10117",""
"10118",""
"10122",""
"10123",""
"10124",""
"10125",""
"10126",""
"10127",""
"10130",""
"10131",""
"10133",""
"10139",""
"10140",""
"10142",""
"10143",""
"10144",""
"10145",""
"10146",""
"10147",""
"3081",""
"10121","no results found"
"10129","no gs list found"
"3092",""
"3103",""
"3104",""
"10150",""
"10152",""
"10155",""
"10156",""
"10176",""
"10178",""
"10179",""
"10180",""
"10181",""
"10183",""
"10184",""
"10186",""
"10191",""
"10195",""
"10196",""
"10198",""
"10199",""
"10202",""
"10203",""
"10206",""
"10207",""
"10208",""
"10209",""
"10211",""
"10212",""
"10214",""
"10217",""
"10218",""
"3118",""
"1830",""
"3025",""
"1833",""
"1836",""
"1838",""
"10220",""
"10222",""
"10223",""
"10224",""
"10226",""
"10227",""
"10235",""
"10236",""
"10239",""
"10241",""
"10242",""
"10244",""
"10245",""
"10251",""
"10252",""
"10253",""
"10256",""
"10257",""
"10262",""
"10263",""
"10267",""
"10268",""
"10271",""
"10272",""
"10274",""
"10275",""
"1845",""
"3127",""
"3133",""
"3144",""
"10277",""
"10278",""
"10279",""
"10280",""
"10282",""
"10286",""
"10287",""
"10288",""
"10289",""
"10291",""
"10293",""
"10308",""
"10309",""
"10310",""
"10312",""
"10313",""
"10314",""
"10317",""
"10319",""
"10321",""
"10322",""
"10323",""
"10324",""
"10325",""
"3147",""
"3148",""
"3149",""
"3150",""
"2449",""
"10326",""
"10330",""
"10333",""
"10335",""
"10336",""
"10340",""
"10342",""
"10343",""
"10349",""
"10351",""
"10352",""
"10353",""
"10355",""
"10381",""
"10384",""
"10386",""
"10332","no results found"
"10295","multiple results found"
"10356","no gs list found"
"10387",""
"10388",""
"10389",""
"10391",""
"10394",""
"10395",""
"10396",""
"10397",""
"10401",""
"10402",""
"3155",""
"3156",""
"1858",""
"1860",""
"10403",""
"10405",""
"10407",""
"10408",""
"10410",""
"10411",""
"10413",""
"10415",""
"10416",""
"10417",""
"10418",""
"10420",""
"10423",""
"10435",""
"10438",""
"10441",""
"10442",""
"10443",""
"10444",""
"10446",""
"10447",""
"10448",""
"10449",""
"10450",""
"10451",""
"10452",""
"10453",""
"10454",""
"10455",""
"10456",""
"1863",""
"1866",""
"10458",""
"10459",""
"10460",""
"10463",""
"10464",""
"10467",""
"10468",""
"10469",""
"10470",""
"10472",""
"10473",""
"10475",""
"10479",""
"10480",""
"10482",""
"10484",""
"10494",""
"10499",""
"10500",""
"10504",""
"10517",""
"10518",""
"10522",""
"10524",""
"3178",""
"3179",""
"3184",""
"3185",""
"3769",""
"10519","no results found"
"9349",""
"10525",""
"10528",""
"10529",""
"10531",""
"10536",""
"10537",""
"10539",""
"10735",""
"10540",""
"10541",""
"10542",""
"10544",""
"10545",""
"10547",""
"10548",""
"10549",""
"10554",""
"10556",""
"10557",""
"10560",""
"10563",""
"10583",""
"10586",""
"10590",""
"10591",""
"10592",""
"10593",""
"10594",""
"10597",""
"10598",""
"3197",""
"3200",""
"1873",""
"1879",""
"10599",""
"10600",""
"10602",""
"10603",""
"10604",""
"10606",""
"10607",""
"10609",""
"10611",""
"10612",""
"10613",""
"10614",""
"10615",""
"10616",""
"10618",""
"10620",""
"10622",""
"10626",""
"10650",""
"10653",""
"10654",""
"10656",""
"10657",""
"10659",""
"10662",""
"10668",""
"10669",""
"1884",""
"1886",""
"1888",""
"1890",""
"1897",""
"9420",""
"10670",""
"10673",""
"10674",""
"10675",""
"10676",""
"10677",""
"10679",""
"10680",""
"10681",""
"10687",""
"10693",""
"10694",""
"10697",""
"10712",""
"10714",""
"10715",""
"10719",""
"10720",""
"10723",""
"10725",""
"10726",""
"10727",""
"10730",""
"10731",""
"10732",""
"10733",""
"10734",""
"10737",""
"10738",""
"10739",""
"10740",""
"1899",""
"1999",""
"3234",""
"3235",""
"3246",""
"3265",""
"3123",""
"10741",""
"10742",""
"10747",""
"10749",""
"10752",""
"10754",""
"10755",""
"10757",""
"10760",""
"10791",""
"3225","no results found"
"3242","no results found"
"10729","no results found"
"10788","no results found"
"10792",""
"10796",""
"10797",""
"10800",""
"10801",""
"1911",""
"1913",""
"1917",""
"10802",""
"10806",""
"10808",""
"10809",""
"10810",""
"10812",""
"10813",""
"10815",""
"10816",""
"10818",""
"10819",""
"10820",""
"10821",""
"10823",""
"10839",""
"10840",""
"10841",""
"10843",""
"10844",""
"10845",""
"10846",""
"10848",""
"10850",""
"10857",""
"10858",""
"10860",""
"10862",""
"10863",""
"10864",""
"1930",""
"1931",""
"10866",""
"10867",""
"10868",""
"10869",""
"10870",""
"10871",""
"10872",""
"10873",""
"10874",""
"10875",""
"10876",""
"10880",""
"10885",""
"10886",""
"10888",""
"10906",""
"10910",""
"10911",""
"10912",""
"10913",""
"10914",""
"10916",""
"10923",""
"10925",""
"10930",""
"1932",""
"3278",""
"3283",""
"3293",""
"9677",""
"2018",""
"1947",""
"2000",""
"1956",""
"3204",""
"1960",""
"1963",""
"1964",""
"3335",""
"3364",""
"3365",""
"3366",""
"1968",""
"1972",""
"1977",""
"1979",""
"3269",""
"1983",""
"1985",""
"1991",""
"3372",""
"3396",""
"3397",""
"2005",""
"2589",""
"3404","no results found"
"3386",""
"2010",""
"2012",""
"2013",""
"2023",""
"2028",""
"2031",""
"2034",""
"2036",""
"2037",""
"3422",""
"3425",""
"3427",""
"3432",""
"2042","no gs list found"
"3434",""
"3446",""
"3448",""
"3451",""
"3457",""
"2125",""
"2043",""
"2055",""
"3480",""
"3486",""
"3495",""
"3499",""
"3507",""
"2136",""
"10283",""
"2060",""
"2061",""
"2064",""
"2069",""
"3520",""
"2073",""
"2074",""
"2078",""
"2080",""
"2082",""
"3521",""
"10385",""
"3545",""
"3550",""
"3551",""
"6155",""
"3557",""
"3558",""
"3559",""
"2085",""
"2088",""
"2090",""
"2102",""
"3568",""
"3586",""
"6191",""
"2107",""
"2110",""
"2114",""
"3634",""
"3652",""
"2121",""
"10716",""
"2128",""
"2130",""
"2131",""
"3511",""
"2135",""
"2139",""
"2141",""
"2144",""
"3663",""
"3665",""
"3666",""
"3667",""
"3675",""
"3676",""
"3692",""
"2150",""
"2155",""
"2166",""
"2170",""
"3756",""
"3716",""
"3719",""
"3722",""
"3718",""
"3723",""
"3726",""
"3729",""
"3731",""
"3740",""
"3742",""
"3743",""
"3745",""
"3752",""
"2177",""
"2178",""
"3771",""
"3790",""
"3801",""
"3806",""
"2185",""
"2189",""
"2191",""
"2193",""
"2194",""
"2195",""
"3821",""
"3825",""
"3826",""
"3836",""
"2203",""
"2208",""
"2211",""
"2220",""
"2221",""
"2229",""
"3863",""
"3864",""
"3865",""
"3877",""
"2232",""
"2237",""
"2247",""
"3905",""
"3753",""
"2248",""
"2250",""
"2252",""
"3808",""
"2260",""
"2262",""
"3136",""
"2267",""
"2270",""
"2277",""
"3214",""
"3962",""
"3977",""
"3979",""
"3980",""
"3983",""
"3989",""
"2278",""
"2285",""
"2290",""
"2294",""
"3522",""
"2308","no results found"
"2299",""
"2301",""
"2303",""
"2305",""
"3889",""
"3336",""
"2313",""
"4008",""
"3371",""
"7009","no gs list found"
"4043",""
"4044",""
"2315",""
"2327",""
"3565",""
"2331",""
"2333",""
"2335",""
"2339",""
"2340",""
"2345","no results found"
"2346",""
"4060",""
"4061",""
"4062",""
"4063",""
"4066",""
"5401",""
"4091",""
"4094",""
"4097",""
"4099",""
"2348",""
"2349",""
"2350",""
"2352",""
"3706",""
"2358",""
"2359",""
"2362",""
"2371",""
"2372",""
"2373",""
"5562","no results found"
"4101",""
"4110",""
"4115",""
"4116",""
"4126",""
"4128",""
"4137",""
"2378",""
"2379",""
"5787",""
"5915",""
"6608",""
"6983",""
"8689",""
"8747",""
"2381",""
"2383",""
"4048",""
"2390",""
"9461",""
"10799",""
"8628",""
"8629",""
"8630",""
"9268",""
"9623",""
"10051",""
"10328",""
"10514",""
"10652",""
"10781",""
"2396","no gs list found"
"2395",""
"4181",""
"2405",""
"2412",""
"2414",""
"2416",""
"2418",""
"2419",""
"2424",""
"2425",""
"2433",""
"2476","no results found"
"2439",""
"2443",""
"2445",""
"2446",""
"4202",""
"4204",""
"4216",""
"4220",""
"4222",""
"4223",""
"4230",""
"4140",""
"2456",""
"2463",""
"2465",""
"2466",""
"7692",""
"2470",""
"2472",""
"2475",""
"4250",""
"4256",""
"4257",""
"2504","multiple results found"
"4269",""
"4271",""
"4279",""
"4284",""
"4286",""
"2487",""
"2493",""
"2499",""
"2501",""
"2508",""
"2513",""
"2516",""
"4294",""
"4295",""
"4297",""
"4305",""
"4323",""
"4325",""
"4329",""
"4331",""
"4333",""
"2521","no gs list found"
"4364","no results found"
"4337",""
"4338",""
"2518",""
"2520",""
"2522",""
"2529",""
"4344",""
"4350",""
"4362",""
"4379",""
"4381",""
"4383",""
"4237",""
"2532",""
"2533",""
"2883",""
"2543",""
"4010",""
"2564","no results found"
"2555","no gs list found"
"2544",""
"2546",""
"2550",""
"2552",""
"4398",""
"4409",""
"4411",""
"4414",""
"4421",""
"4425",""
"2556",""
"2559",""
"2565",""
"2570",""
"2572",""
"2575",""
"2576",""
"2580",""
"2581",""
"4441",""
"4442",""
"4453",""
"4454",""
"4459",""
"4470",""
"4472",""
"4476",""
"4483",""
"2582",""
"2583",""
"2584",""
"2591",""
"8180",""
"2598",""
"2599",""
"4342",""
"2601",""
"2602",""
"2603",""
"4493",""
"4494",""
"4495",""
"4496",""
"4499",""
"4505",""
"4508",""
"4510",""
"4511",""
"4517",""
"4522",""
"4525",""
"2630","no results found"
"4526",""
"2605",""
"2615",""
"4539",""
"4543",""
"4555",""
"4561",""
"4565",""
"4574",""
"4580",""
"2619",""
"2627",""
"2628",""
"2629",""
"2631",""
"2632",""
"2634",""
"4593",""
"8412",""
"4104",""
"1781","no gs list found"
"4621",""
"4626",""
"2642",""
"2647",""
"2656",""
"2661",""
"8745",""
"4487",""
"2663",""
"2664",""
"2667",""
"2668",""
"4638",""
"4646",""
"4647",""
"4648",""
"4650",""
"4652",""
"2694",""
"9176",""
"4721",""
"2772",""
"9781",""
"10761",""
"2377",""
"2461",""
"3250",""
"3363",""
"2706","no results found"
"2696",""
"4690",""
"2699",""
"2704",""
"4706",""
"2709",""
"2710",""
"2718",""
"2719",""
"2731",""
"2735",""
"2736",""
"2739",""
"4796",""
"4815",""
"4828",""
"4830",""
"4836",""
"4866",""
"2779",""
"4901",""
"4913",""
"4771",""
"4773",""
"2808",""
"2809",""
"2879",""
"2847",""
"2849",""
"2852",""
"2853",""
"2854",""
"2855",""
"2856",""
"2858",""
"10439",""
"4870",""
"2864",""
"5006",""
"2869",""
"5034",""
"5040",""
"5041",""
"5043",""
"5058",""
"5059",""
"2892",""
"2893",""
"2902",""
"2905",""
"2906",""
"2908",""
"2909",""
"2930",""
"2931",""
"2932",""
"2933",""
"3028","no gs list found"
"2949","no gs list found"
"5221","no results found"
"2934",""
"2938",""
"2942",""
"2947",""
"2952",""
"2954",""
"2968",""
"2969",""
"2971",""
"2973",""
"5064",""
"2975",""
"2977",""
"3021",""
"3023",""
"3024",""
"3029",""
"3032",""
"3033",""
"3034",""
"7343",""
"5288","no results found"
"5266",""
"5268",""
"5292",""
"5296",""
"5409",""
"3060",""
"3094",""
"3095",""
"3096",""
"3097",""
"3099",""
"3100",""
"3101",""
"3106",""
"3109",""
"3112",""
"5367",""
"3115",""
"3137",""
"3138",""
"3142",""
"5411",""
"5412",""
"5420",""
"5421",""
"5423",""
"5424",""
"3171",""
"3172",""
"3175",""
"3177",""
"3187",""
"3189",""
"3193",""
"3195",""
"3219",""
"3223",""
"3228",""
"3230",""
"3237",""
"3239",""
"5623","no results found"
"3243",""
"5557",""
"5561",""
"5566",""
"5569",""
"5571",""
"5576",""
"5631",""
"5633",""
"5643",""
"3287",""
"3290",""
"3292",""
"3296",""
"3298",""
"3303","no results found"
"3299",""
"3301",""
"3302",""
"3307",""
"5707",""
"3338",""
"5598",""
"5602",""
"3339",""
"3340",""
"8746",""
"3341",""
"5750",""
"5827",""
"5829",""
"5700",""
"3370",""
"3376",""
"3378",""
"3380",""
"3381",""
"3411",""
"3412",""
"4455",""
"3413",""
"3415",""
"3418",""
"3420",""
"3423",""
"3424",""
"3442",""
"3443",""
"3444",""
"5943",""
"5944",""
"5946",""
"5962",""
"5965",""
"5977",""
"3452",""
"3461",""
"3463",""
"3523",""
"3464",""
"3466",""
"3474",""
"6020",""
"3481",""
"3482",""
"3483",""
"3487",""
"4501",""
"3489","no results found"
"3517","no results found"
"6095","no results found"
"3490",""
"3555",""
"5887",""
"3498",""
"6054",""
"6056",""
"6066",""
"6075",""
"3518",""
"3527",""
"6088",""
"6090",""
"6094",""
"6099",""
"6112",""
"5942",""
"3534",""
"3535",""
"3538",""
"3541",""
"6142",""
"6171",""
"4560",""
"6175",""
"3687",""
"3581",""
"3582",""
"3584",""
"3585",""
"3588",""
"3598",""
"3628",""
"3633",""
"3635",""
"3636",""
"3642",""
"3643",""
"3645",""
"3668",""
"3670",""
"3671",""
"3672",""
"3673",""
"3678",""
"3681",""
"7802",""
"3852","no results found"
"3682",""
"6185",""
"3685",""
"3688",""
"3709",""
"3714",""
"3717",""
"6331",""
"6401",""
"3860",""
"3759",""
"3763",""
"3767",""
"3770",""
"3795",""
"3796",""
"3797",""
"6321",""
"3800",""
"3802",""
"3804",""
"3805",""
"3810",""
"3848",""
"3849",""
"3850",""
"3851",""
"3967","no results found"
"3930","no results found"
"3931","no results found"
"3923","no gs list found"
"6533",""
"6538",""
"6544",""
"6548",""
"6553",""
"6556",""
"6594",""
"6597",""
"6598",""
"6604",""
"3888",""
"3895",""
"3897",""
"3924",""
"3925",""
"3926",""
"3928",""
"3934",""
"3968",""
"6729",""
"6742",""
"6748",""
"6754",""
"3971",""
"3973",""
"3976",""
"3978",""
"3981",""
"3982",""
"6613",""
"6771",""
"6775",""
"6782",""
"6789",""
"4006",""
"4009",""
"4012",""
"4013",""
"4016",""
"4019",""
"4136",""
"4021",""
"4022",""
"4023",""
"6805",""
"4036",""
"4124","no gs list found"
"4037",""
"4038",""
"4041",""
"4045",""
"4046",""
"4047",""
"4050",""
"4051",""
"4053",""
"4054",""
"4077",""
"4079",""
"4080",""
"6915",""
"6916",""
"6918",""
"4103",""
"4105",""
"6791",""
"4111",""
"4114",""
"4117",""
"4118",""
"4121",""
"4129",""
"4130",""
"7014",""
"7021",""
"4144",""
"4146",""
"4147",""
"4148",""
"4197",""
"4149",""
"7077",""
"7087",""
"4182",""
"4183",""
"7114",""
"7116",""
"7119",""
"7128",""
"7131",""
"7138",""
"7139",""
"7143",""
"7147",""
"7149",""
"4185",""
"4186",""
"4188",""
"4189",""
"4193",""
"4195",""
"4207",""
"4208",""
"4209",""
"4210",""
"4213",""
"4215",""
"4243","no results found"
"4217",""
"4218",""
"7054",""
"7110",""
"7663",""
"4245",""
"7265",""
"7267",""
"7279",""
"4263",""
"7347",""
"7353",""
"7358",""
"4278",""
"4280",""
"4282",""
"4283",""
"4285",""
"4287",""
"4291",""
"4292",""
"4317",""
"4319",""
"4330",""
"4332",""
"4335",""
"4339",""
"4341",""
"7412",""
"7414",""
"7416",""
"7435",""
"4373",""
"7480",""
"7484",""
"7491",""
"7501",""
"7503",""
"4375",""
"4376",""
"4378",""
"7360",""
"4380",""
"7524",""
"7529",""
"7545",""
"4546",""
"7402",""
"4412",""
"4415",""
"4419",""
"4424",""
"4426",""
"4429",""
"4430",""
"4431",""
"4432",""
"4433",""
"4434",""
"4436",""
"4438",""
"4439",""
"7595",""
"7600",""
"10511",""
"7460",""
"4449",""
"4451",""
"4452",""
"4457",""
"4464",""
"4498",""
"4502",""
"4503",""
"4504",""
"4509",""
"7669",""
"7681",""
"7704",""
"7713",""
"4512",""
"4519",""
"7611",""
"4563",""
"7721",""
"7722",""
"7780",""
"7781",""
"7785",""
"7786",""
"7792",""
"4609",""
"4610",""
"4611",""
"4614",""
"4618",""
"4619",""
"4622",""
"4643",""
"4644",""
"4649",""
"4651",""
"4653",""
"4654",""
"4660",""
"4661",""
"4686",""
"4687",""
"4688",""
"4692",""
"4694",""
"7923",""
"7924",""
"7928",""
"7937",""
"4719",""
"4720",""
"4722",""
"4723",""
"4729",""
"4730",""
"4732",""
"4736",""
"4739",""
"4740",""
"4742",""
"4745",""
"4748",""
"4764",""
"4765",""
"4766",""
"4767",""
"4768",""
"4769",""
"4772",""
"4775",""
"4777",""
"4780",""
"4781",""
"4799",""
"4801",""
"4802",""
"8132",""
"8135",""
"8140",""
"8151",""
"4910",""
"8009",""
"8172",""
"8177",""
"8194",""
"4846",""
"4964",""
"4850",""
"4852",""
"4855",""
"8062",""
"4861",""
"4865",""
"4867",""
"4869",""
"4883",""
"4886",""
"4893",""
"4895",""
"4897",""
"4898",""
"4902",""
"4905",""
"4906",""
"8157",""
"4934",""
"4939",""
"4940",""
"4942",""
"4944",""
"8379",""
"8381",""
"8386",""
"8389",""
"8392",""
"8393",""
"8395",""
"4986",""
"5052",""
"4992",""
"4995",""
"4997",""
"5000",""
"8459",""
"8466",""
"8474",""
"8477",""
"8485",""
"8488",""
"8494",""
"8496",""
"8497",""
"8521",""
"8525",""
"8529",""
"8530",""
"8536",""
"8540",""
"5020",""
"5021",""
"8308",""
"5026",""
"5027",""
"5028",""
"5054",""
"5060",""
"8407",""
"5066",""
"5067",""
"8633",""
"8612",""
"8622",""
"8638",""
"5072",""
"5090",""
"8662",""
"8667",""
"8687",""
"8688",""
"8695",""
"8696",""
"8701",""
"5091",""
"5095",""
"5097",""
"5100",""
"5101",""
"5102",""
"5127",""
"8603",""
"5133",""
"5136",""
"5137",""
"5138",""
"5139",""
"5140",""
"5141",""
"5166","no results found"
"5156",""
"5167",""
"5171",""
"5173",""
"8813",""
"5198",""
"5199",""
"8861",""
"8865",""
"8867",""
"8881",""
"8882",""
"8883",""
"8884",""
"8927",""
"5227",""
"5230",""
"5231",""
"5235",""
"5236",""
"5237",""
"5244",""
"5271","no gs list found"
"5270",""
"5272",""
"8855",""
"9004",""
"9010",""
"9011",""
"9015",""
"9048",""
"5281",""
"5294",""
"5302",""
"5304",""
"5306",""
"5308",""
"9058",""
"9063",""
"9066",""
"9068",""
"9075",""
"9084",""
"9085",""
"9095",""
"9100",""
"9102",""
"5316",""
"10643",""
"8954",""
"5325",""
"5327",""
"9155",""
"5344",""
"5347",""
"5349",""
"5350",""
"5351",""
"5352",""
"5354",""
"5357",""
"5358",""
"9003",""
"5359",""
"5393",""
"5398",""
"5399",""
"5400",""
"5404",""
"5406",""
"5415",""
"5440",""
"5444",""
"9307",""
"5450",""
"5452",""
"9330",""
"9334",""
"9353",""
"5483",""
"5485",""
"5486",""
"5487",""
"5488",""
"5515",""
"5517",""
"5518",""
"5519",""
"5521",""
"5523",""
"5527",""
"5529",""
"5530",""
"5537",""
"5563",""
"5568",""
"5572",""
"5573",""
"5575",""
"5584",""
"9469",""
"5587",""
"5624","no gs list found"
"5601",""
"5606",""
"5608",""
"5609",""
"5610",""
"5619",""
"5621",""
"5622",""
"5653",""
"5656",""
"5660",""
"5661",""
"5662",""
"5666",""
"5691",""
"5692",""
"5693",""
"5695",""
"5696",""
"5698",""
"5699",""
"9672",""
"9680",""
"9707",""
"5702",""
"5704",""
"5705",""
"5711",""
"5744","no results found"
"5737",""
"5741",""
"9729",""
"9730",""
"9736",""
"9737",""
"9750",""
"9798",""
"9799",""
"9801",""
"9809",""
"9812",""
"9667",""
"5815","multiple results found"
"9716",""
"5813",""
"5821",""
"5824",""
"5825",""
"5826",""
"9876",""
"9905",""
"9910",""
"5848",""
"9964","no results found"
"9765",""
"5860",""
"5861",""
"5865",""
"5866",""
"9919",""
"9921",""
"9928",""
"9941",""
"9942",""
"9946",""
"9947",""
"5892","no gs list found"
"5890",""
"6039",""
"5897",""
"5899",""
"5900",""
"5903",""
"5904",""
"5906",""
"5908",""
"5937",""
"5939",""
"5941",""
"5945",""
"5949",""
"10151","no results found"
"5987",""
"5988",""
"5989",""
"5990",""
"9958",""
"5993",""
"10135",""
"10148",""
"10149",""
"10157",""
"10197",""
"10204",""
"10210",""
"10216",""
"10219",""
"10221",""
"6018",""
"6021",""
"6022",""
"6023",""
"6024",""
"6028",""
"6029",""
"6049",""
"6050",""
"6052",""
"6053",""
"6055",""
"6058",""
"6059",""
"6060",""
"6064",""
"10285",""
"10290",""
"10292",""
"10294",""
"10299",""
"10315",""
"10320",""
"10331",""
"10334",""
"10339",""
"10350",""
"10359",""
"10363",""
"10368",""
"10372",""
"6138","multiple results found"
"6124",""
"6125",""
"6127",""
"6128",""
"6133",""
"6135",""
"6136",""
"6165",""
"6167",""
"6168",""
"6169",""
"6170",""
"6172",""
"6173",""
"10490",""
"10498",""
"10509",""
"6174",""
"6177",""
"6178",""
"6179",""
"10561",""
"10569",""
"10574",""
"10575",""
"10577",""
"10581",""
"10582",""
"6244","no results found"
"10429",""
"6230",""
"6233",""
"6240",""
"6241",""
"6252",""
"6272",""
"6273",""
"6274",""
"6275",""
"10701",""
"10689",""
"10690",""
"10713",""
"10717",""
"10718",""
"10758",""
"10764",""
"10765",""
"10767",""
"10768",""
"10775",""
"6437",""
"6314",""
"6315",""
"6316",""
"6317",""
"6348",""
"6354",""
"6360",""
"10854",""
"10842",""
"10855",""
"10856",""
"10881",""
"6371",""
"6372",""
"6373",""
"6374",""
"6391",""
"6392",""
"6393",""
"6394",""
"10897",""
"10899",""
"10905",""
"10909",""
"6419",""
"6420",""
"6421",""
"6422",""
"6424",""
"6425",""
"10779",""
"6462",""
"6463",""
"6464",""
"6470",""
"6471",""
"6474",""
"6475",""
"6476",""
"6477",""
"6478",""
"6482",""
"10887",""
"6487",""
"6491",""
"6511",""
"6513",""
"6515",""
"6516",""
"6518",""
"6521",""
"6522",""
"6523",""
"6551",""
"6558",""
"6561",""
"6562",""
"6564",""
"6718",""
"6593",""
"6595",""
"6601",""
"6602",""
"6603",""
"6664",""
"6605",""
"6606",""
"6607",""
"6609",""
"6617",""
"6619",""
"6622",""
"6623",""
"6624",""
"6666",""
"6668",""
"6669",""
"6672",""
"6677",""
"6679",""
"6680",""
"6681",""
"6858",""
"6716",""
"6750",""
"6751",""
"6752",""
"6753",""
"6759",""
"6760",""
"6761",""
"6764",""
"6816","no results found"
"6800",""
"6802",""
"6803",""
"6804",""
"6806",""
"6808",""
"6811",""
"6813",""
"6818",""
"6849",""
"7023",""
"6850",""
"6854",""
"6868",""
"6869",""
"6870",""
"7047",""
"6895",""
"6899",""
"6940",""
"6945",""
"6948",""
"6949",""
"6950",""
"6952",""
"6955",""
"6957",""
"6959",""
"6961",""
"6994",""
"6996",""
"6997",""
"7000",""
"7001",""
"7002",""
"7044",""
"7045",""
"7052",""
"7053",""
"7057",""
"7060",""
"7061",""
"7062",""
"7064",""
"7075",""
"7096",""
"7098",""
"7101",""
"7137",""
"7140",""
"7141",""
"7142",""
"7144",""
"7145",""
"7146",""
"7148",""
"7152",""
"7190",""
"7191",""
"7193",""
"7195",""
"7196",""
"7198",""
"7199",""
"7200",""
"7244","no results found"
"7230",""
"7237",""
"7239",""
"7242",""
"7245",""
"7275",""
"7310",""
"7311",""
"7313",""
"7316",""
"7317",""
"7318",""
"7326",""
"7366",""
"7367",""
"7368",""
"7369",""
"7370",""
"7371",""
"7399",""
"7401",""
"7404",""
"7405",""
"7455","no gs list found"
"7446",""
"7449",""
"7450",""
"7451",""
"7453",""
"7454",""
"7459",""
"7465",""
"7493",""
"7494",""
"7496",""
"7499",""
"7502",""
"7505",""
"7508",""
"7511",""
"7513",""
"7547",""
"7549",""
"7551",""
"7553",""
"7554",""
"7555",""
"7602",""
"7603",""
"7605",""
"7607",""
"7634",""
"7635",""
"7636",""
"7637",""
"7640",""
"7645",""
"7682",""
"7684",""
"7685",""
"7686",""
"7688",""
"7689",""
"7693",""
"7694",""
"7696",""
"7724",""
"7725",""
"7727",""
"7728",""
"7729",""
"7753",""
"7754",""
"7756",""
"7757",""
"7758",""
"7760",""
"7761",""
"7798",""
"7801",""
"7804",""
"7845",""
"7848",""
"7850",""
"7851",""
"7852",""
"7853",""
"7857",""
"7858",""
"7860",""
"7861",""
"7864",""
"7866",""
"7892",""
"7893",""
"7895",""
"7897",""
"7900",""
"7901",""
"7902",""
"7903",""
"7905",""
"7925",""
"7938",""
"7939",""
"7976",""
"7977",""
"7978",""
"7979",""
"7980",""
"7981",""
"7983",""
"7984",""
"7986",""
"7989",""
"8019",""
"8021",""
"8022",""
"8023",""
"8025",""
"8027",""
"8028",""
"8029",""
"8090",""
"8094",""
"8097",""
"8098",""
"8100",""
"8102",""
"8144","no results found"
"8133",""
"8137","no gs list found"
"8134",""
"8136",""
"8139",""
"8141",""
"8142",""
"8145",""
"8181",""
"8183",""
"8184",""
"8185",""
"8187",""
"8188",""
"8221","no gs list found"
"8220",""
"8222",""
"8223",""
"8224",""
"8261","no results found"
"8250",""
"8251",""
"8252",""
"8258",""
"8259",""
"8265",""
"8266",""
"8268",""
"8270",""
"8289",""
"8291",""
"8314",""
"8317",""
"8374",""
"8377",""
"8378",""
"8382",""
"8383",""
"8384",""
"8387",""
"8390",""
"8394",""
"8398",""
"8399",""
"8403",""
"8404",""
"8425",""
"8426",""
"8427",""
"8429",""
"8433",""
"8460",""
"8461",""
"8463",""
"8465",""
"8467",""
"8468",""
"8471",""
"8473",""
"8475",""
"8538",""
"8539",""
"8543",""
"8544",""
"8545",""
"8547",""
"8548",""
"8549",""
"8550",""
"8551",""
"8668",""
"8671",""
"8673",""
"8676",""
"8677",""
"8678",""
"8680",""
"8681",""
"8682",""
"8683",""
"8727",""
"8731",""
"8732",""
"8733",""
"8735",""
"8737",""
"8738",""
"8739",""
"8751",""
"8752",""
"8753",""
"8799",""
"8802",""
"8871",""
"8872",""
"8873",""
"8874",""
"8875",""
"8876",""
"8878",""
"8879",""
"8933",""
"8934",""
"8935",""
"8936",""
"8937",""
"8938",""
"8939",""
"8941",""
"8942",""
"8944",""
"8986",""
"8987",""
"8989",""
"8990",""
"9046",""
"9047",""
"9049",""
"9053",""
"9054",""
"9055",""
"9056",""
"9057",""
"9059",""
"9060",""
"9107",""
"9108",""
"9109",""
"9112",""
"9115",""
"9117",""
"9118",""
"9120",""
"9121",""
"9124",""
"9170",""
"9173",""
"9177",""
"9178",""
"9180",""
"9181",""
"9182",""
"9183",""
"9185",""
"9230",""
"9234",""
"9235",""
"9236",""
"9239",""
"9301","no gs list found"
"9290",""
"9294",""
"9296",""
"9297",""
"9298",""
"9300",""
"9306",""
"9308",""
"9352",""
"9354",""
"9355",""
"9356",""
"9357",""
"9358",""
"9359",""
"9360",""
"9362",""
"9363",""
"9415",""
"9418",""
"9419",""
"9421",""
"9422",""
"9424",""
"9425",""
"9427",""
"9429",""
"9434",""
"9483",""
"9492","no gs list found"
"9498",""
"9544",""
"9549",""
"9550",""
"9551",""
"9553",""
"9601",""
"9605",""
"9607",""
"9609",""
"9610",""
"9613",""
"9669",""
"9670",""
"9671",""
"9673",""
"9675",""
"9725",""
"9726",""
"9727",""
"9728",""
"9734",""
"9735",""
"9738",""
"9739",""
"9740",""
"9743",""
"9744",""
"9745",""
"9746",""
"9747",""
"9792","no results found"
"9785",""
"9789",""
"9790",""
"9793",""
"9794",""
"9796",""
"9872","no results found"
"9850",""
"9852",""
"9853",""
"9856",""
"9857",""
"9858",""
"9865",""
"9868",""
"9869",""
"9870",""
"9873",""
"9904",""
"9906",""
"9907",""
"9908",""
"9911",""
"9913",""
"9917",""
"9922",""
"9923",""
"9925",""
"9930",""
"9976",""
"9977",""
"9978",""
"9981",""
"9982",""
"9985",""
"10646","no gs list found"
"10032",""
"10033",""
"10034",""
"10035",""
"10036",""
"10037",""
"10113","no results found"
"10102",""
"10103",""
"10104",""
"10109",""
"10111",""
"10112",""
"10161",""
"10165",""
"10166",""
"10168",""
"10170",""
"10172",""
"10173",""
"10177",""
"10228",""
"10230",""
"10232",""
"10233",""
"10234",""
"10238",""
"10298",""
"10300",""
"10301",""
"10302",""
"10303",""
"10305",""
"10306",""
"10307",""
"10365","no results found"
"10361",""
"10364",""
"10366",""
"10369",""
"10370",""
"10373",""
"10375",""
"10433","no results found"
"10426",""
"10427",""
"10428",""
"10431",""
"10432",""
"10434",""
"10487",""
"10488",""
"10493",""
"10564",""
"10565",""
"10568",""
"10570",""
"10572",""
"10576",""
"10578",""
"10580",""
"10629",""
"10630",""
"10632",""
"10633",""
"10636",""
"10639",""
"10640",""
"10641",""
"10642",""
"10648",""
"10698",""
"10703",""
"10704",""
"10705",""
"10706",""
"10709",""
"10710",""
"10770",""
"10771",""
"10772",""
"10773",""
"10774",""
"10777",""
"10778",""
"10784",""
"10786",""
"10827",""
"10829",""
"10833",""
"10835",""
"10836",""
"10837",""
"10890",""
"10892",""
"10893",""
"10894",""
"10896",""
"10898",""
"10901",""
"10902",""
"9303",""
"8627",""
"566",""
"2075",""
"2307",""
"2633",""
"3349",""
"3595",""
"3711",""
"4416",""
"7962",""
"4489",""
"4606",""
"4695",""
"4860",""
"5203",""
"5891",""
"6019",""
"6362",""
"6737",""
"7419",""
"7514",""
"8214",""
"8868",""
"9260",""
"9763",""
"10682",""