;shareholder_location
berlin;3827
münchen;2438
hamburg;1751
köln;700
stuttgart;615
düsseldorf;548
frankfurt am main;538
mannheim;319
dresden;271
hannover;235
aachen;224
nürnberg;188
leipzig;177
bonn;175
freiburg im breisgau;156
essen;147
münster;146
ulm;140
karlsruhe;140
bremen;138
potsdam;138
darmstadt;126
mainz;117
dortmund;116
wiesbaden;115
london;110
braunschweig;109
kiel;102
osnabrück;97
bochum;93
augsburg;90
lübeck;88
wuppertal;85
bielefeld;82
saarbrücken;79
jena;73
regensburg;72
oldenburg;70
chemnitz;68
duisburg;68
 münchen;67
heidelberg;66
würzburg;64
frankfurt;62
traunstein;59
paderborn;58
ingolstadt;55
koblenz;54
neuss;53
rostock;53
zürich;48
mönchengladbach;46
krefeld;45
fürth;45
lüneburg;42
göttingen;42
kassel;41
zug;39
siegen;39
 berlin;39
wien;38
flensburg;38
offenbach am main;37
tübingen;37
gießen;37
pinneberg;36
arnsberg;35
istanbul;34
erlangen;34
stendal;34
siegburg;33
aschaffenburg;33
landshut;30
meerbusch;30
bayreuth;30
hanau;29
königstein;27
magdeburg;27
kleve;27
paris;26
amsterdam;26
königstein im taunus;26
marburg;25
gütersloh;25
tostedt;25
bad homburg;25
cottbus;24
walsrode;24
ratingen;24
ludwigshafen am rhein;24
moskau;23
bamberg;23
schwerin;23
passau;22
steinfurt;22
coesfeld;22
konstanz;22
bergisch gladbach;22
hamm;21
gelsenkirchen;21
erfurt;21
germering;20
bad homburg v. d. höhe;20
recklinghausen;19
kempten (allgäu);19
kleinmachnow;19
kaiserslautern;18
frankfurt/main;18
bad oeynhausen;18
trier;18
memmingen;18
norderstedt;17
gräfelfing;17
mülheim an der ruhr;17
wittlich;17
new york;17
 karlsruhe;17
helsinki;17
heilbronn;17
oberhausen;16
düren;16
reutlingen;16
ludwigsburg;16
lemgo;16
kempten;16
ludwigshafen;16
offenbach;16
solingen;16
delaware;15
friedberg;15
leverkusen;15
hilden;15
 köln;15
san francisco;15
 aachen;15
oberursel;14
bad kreuznach;14
weimar;14
barcelona;13
 heidelberg;13
 hamburg;13
handelsgericht wien;13
halle (saale);13
coburg;13
fulda;13
companies house;13
frankfurt (oder);13
neuruppin;13
grünwald;13
hildesheim;13
m\ufcnchen;13
kamer van koophandel;13
hof;13
 frankfurt am main;12
iserlohn;12
freising;12
dubai;12
montabaur;12
amberg;12
troisdorf;12
registre de commerce et des sociétés;12
willich;12
lüdenscheid;12
weiden i.d.opf.;12
 mannheim;11
madrid;11
langenfeld;11
ravensburg;11
aurich;11
singapur;11
 bremen;11
seevetal;10
herford;10
 hannover;10
bad vilbel;10
witten;10
worms;10
ansbach;10
 dresden;10
reinbek;10
k\ufln;10
frankfurt a.m.;10
lohmar;10
freiburg i.br.;10
hagen;9
frechen;9
leinfelden-echterdingen;9
sindelfingen;9
esslingen am neckar;9
mülheim;9
wetzlar;9
 jena;9
bergheim;9
dreieich;9
korschenbroich;9
schweinfurt;9
freiberg;9
kelkheim;9
ettlingen;9
hofheim am taunus;9
starnberg;9
kopenhagen;9
weiden;9
gauting;9
haan;9
bad homburg v.d.h.;9
königswinter;8
des kantons zürich;8
rosengarten;8
luxemburg;8
 erlangen;8
herne;8
dorsten;8
herrenberg;8
fellbach;8
ilmenau;8
weinheim;8
offenburg;8
 kiel;8
pulheim;8
neubiberg;8
halstenbek;8
 darmstadt;8
hürth;8
stockholm;8
bad hersfeld;8
gummersbach;8
kronberg im taunus;8
handelsregisteramt des kantons zürich;8
wollerau;8
bocholt;8
kronberg;8
bensheim;8
remscheid;7
planegg;7
ostfildern;7
haltern am see;7
straubing;7
greifswald;7
 düsseldorf;7
zorneding;7
waiblingen;7
shanghai;7
friedrichsdorf;7
 freiberg;7
dublin;7
gerlingen;7
laaber;7
clausthal-zellerfeld;7
radebeul;7
rodgau;7
lörrach;7
 stuttgart;7
bruchsal;7
wismar;7
rheine;7
unna;7
bovenden;7
m\ufcnster;7
kaarst;7
hong kong;7
 saarbrücken;7
eschborn;7
erftstadt;7
würselen;7
neubrandenburg;7
registre de commerce et des sociétés luxembourg;7
bad fallingbostel;6
stralsund;6
st. gallen;6
unterschleißheim;6
rosenheim;6
st. wendel;6
bremerhaven;6
kirchheim;6
laupheim;6
stadthagen;6
eindhoven;6
koln;6
fürstenfeldbruck;6
bad aibling;6
warschau;6
höchberg;6
 rosenheim;6
tutzing;6
 trier;6
leonberg;6
dachau;6
ag;6
deggendorf;6
celle;6
ahrensburg;6
munsbach luxemburg;6
firmenbuch der republik österreich;6
grand cayman;6
rellingen;6
hohen neuendorf;6
limburg;6
baden-baden;6
walldorf;6
pfinztal;6
wehrheim;6
 regensburg;6
böblingen;6
kiew;6
schriesheim;6
brühl;6
mettmann;6
mühlhausen;6
olching;6
sulzbach;6
gundelfingen;6
sofia;5
emmendingen;5
pforzheim;5
achern;5
unterföhring;5
landsberg am lech;5
wien, österreich;5
korbach;5
kirchheim b. münchen;5
esslingen;5
kempen;5
königs wusterhausen;5
 villingen-schwenningen;5
budapest;5
rödermark;5
lichtenau;5
landau;5
toronto;5
hongkong;5
herzogenaurach;5
wilmington;5
bad homburg v.d.höhe;5
 dortmund;5
emsdetten;5
bottrop;5
eching;5
division corporations;5
stadtbergen;5
taunusstein;5
langerwehe;5
warszawa;5
lorsch;5
garching;5
berlin charlottenburg;5
 göttingen;5
neustadt;5
filderstadt;5
salzburg;5
 flensburg;5
thierhaupten;5
st. helier;5
ammerbuch;5
sandhausen;5
delaware department state;5
gladbeck;5
wedel;5
wiesloch;5
 chemnitz;5
erkrath;5
neu-isenburg;5
bad salzuflen;5
warsaw;5
waltrop;5
eichenau;5
herzogenrath;5
kürten;5
 poing;5
sankt augustin;5
luxembourg;5
isernhagen;5
unterhaching;5
neckargemünd;5
schwyz;5
gelnhausen;5
b berlin;5
bad tölz;5
taipei;5
rösrath;5
lissabon;5
nürtingen;5
berg;5
 ulm;4
 wendlingen;4
garbsen;4
goslar;4
swedish companies registration office;4
 edingen-neckarhausen;4
altenberge;4
oxford;4
bad schwartau;4
ottobrunn;4
niederkassel;4
pullach;4
witzenhausen;4
aalen;4
großhansdorf;4
charlottenburg hrb  b;4
weingarten;4
hattingen;4
tettnang;4
detmold;4
oberried;4
brandenburg a. d. havel;4
kerpen;4
laatzen;4
 freiburg;4
wülfrath;4
graz;4
 tübingen;4
mettenheim;4
deutschland;4
bad waldsee;4
limassol;4
bad wimpfen;4
 nürnberg;4
burgwedel;4
uitikon waldegg;4
allershausen;4
wegberg;4
penzberg;4
remseck am neckar;4
ch- zürich;4
breisach;4
langenhagen;4
viernheim;4
offenbach/main;4
 bensheim;4
münchen / munich;4
telgte;4
baldham;4
unknown;4
buseck;4
groß-bieberau;4
buxtehude;4
state delaware - division corporations;4
bad honnef;4
scheyern;4
 münster;4
 leipzig;4
schleswig;4
rüsselsheim;4
hennef;4
schwelm;4
hattersheim am main;4
kanton schwyz;4
moritzburg;4
wolfenbüttel;4
wermelskirchen;4
türkenfeld;4
weiterstadt;4
companies registry jersey;4
wernigerode;4
des kantons schwyz;4
neu-ulm;4
dormagen;4
kirchheim unter teck;4
eppingen;4
brüssel;4
kairo;4
schwetzingen;4
ismaning;4
pullach i. isartal;4
cayman islands;4
cuxhaven;4
eltville am rhein;4
furth;4
herdecke;4
lauf;4
tönisvorst;4
quickborn;4
tittmoning;4
schönefeld;4
hessisch oldendorf;4
karlsfeld;4
eppstein;4
markkleeberg;4
pfullingen;4
erding;4
m�nchen;4
zolling;4
hochheim am main;4
falkensee;4
bad nauheim;4
 ilmenau;4
hrb ;4
haar;4
mauritius;4
kanton zug;4
vaduz;4
nittendorf;4
zürich, schweiz;4
oststeinbek;4
soest;4
 nürtingen;4
henstedt-ulzburg;4
baierbrunn;4
vaterstetten;4
weyhe;4
schwedisches handelsregister;4
gröbenzell;4
poing;4
küsnacht;4
dieburg;4
 weil der stadt;4
pfaffenhofen;4
ubstadt-weiher;4
kreuzlingen;4
bad münstereifel;4
großostheim;4
paris, frankreich;4
ljubljana, slovenia;4
 tholey;4
korntal-münchingen;4
 homburg;4
mainhausen;4
geldern;4
 eurasburg;4
teltow;4
kromen;4
wedemark;4
frankfurt/oder;4
plüderhausen;4
höhenkirchen-siegertsbrunn;4
registrar companies;4
kln;4
st. petersburg;4
dietzenbach;4
esens;3
erlenbach;3
jülich;3
vallendar;3
 wetzlar;3
los angeles;3
müllendorf;3
grafing;3
bodman-ludwigshafen;3
baden;3
schmallenberg;3
mössingen;3
neuenstadt;3
duderstadt;3
zeuthen;3
glinde;3
moers;3
cigli-izmir;3
winkelhaid;3
kastl;3
homburg;3
mahlow;3
dossenheim;3
langen (hessen);3
olsberg;3
 waghäusel;3
alsdorf;3
 av. blücher, b  brüssel;3
albstadt;3
schechen;3
zurich;3
langenzenn;3
barmstedt;3
companies house england and wales;3
kirchhain;3
rheinberg;3
wilhelmsdorf;3
tangstedt;3
molfsee;3
 starnberg;3
baar;3
wolfratshausen;3
neusäß;3
paphos;3
 frechen;3
achim;3
kenzingen;3
oer-erkenschwick;3
ramsau;3
pullach im isartal;3
rückersdorf;3
 wien;3
winsen (luhe);3
ratzeburg;3
icking;3
kolbermoor;3
wilnsdorf;3
aschau im chiemgau;3
singapore;3
mertingen;3
heppenheim;3
companies registration office;3
rom;3
rüsselsheim am main;3
 lörrach;3
state delaware;3
merzhausen;3
schwäbisch gmünd;3
 grimma ot großbardau;3
handelsregisteramt kanton zürich;3
tallin;3
altenholz;3
fuchsmühl;3
schneverdingen;3
wädenswil;3
speyer;3
herrliberg;3
elsenfeld;3
 bochum;3
stockelsdorf;3
västerås;3
kronshagen;3
ag charlottenburg (i. gr.);3
freienbach;3
waldbronn;3
sinsheim;3
steinheim an der murr;3
owingen;3
basel;3
herten;3
neunkirchen-seelscheid;3
 st. wendel;3
peking;3
stuhr;3
heiligenberg;3
gaimersheim;3
registre de commerce et des sociétés luxemburg;3
delaware (usa);3
petersberg;3
kehl;3
espelkamp;3
aschau i. chiemgau;3
hambühren;3
 arnsberg;3
london (vereinigtes königreich);3
vörstetten;3
herrsching a. ammersee;3
thalwil;3
egling;3
xanten;3
 deggendorf;3
peine;3
rheinau;3
 issum;3
meckenbeuren;3
bad wurzach;3
rastatt;3
tortola;3
bad soden;3
division corporations the state delaware;3
 hann. münden;3
charlottenburg (berlin);3
genf;3
schifferstadt;3
bad saarow;3
 oldenburg;3
blankenfelde-mahlow;3
olten;3
registrar companies for england and wales;3
löhne;3
kanton zürich;3
 wiesbaden;3
gilching;3
überlingen;3
buchenbach;3
naunhof;3
des kantons luzern;3
stutensee;3
 heilbronn;3
ketsch;3
meißen;3
rangsdorf;3
teheran;3
buchholz;3
landau/pfalz;3
leimen;3
essenheim;3
geretsried;3
uetze;3
rotterdam;3
balingen;3
firmenbuch österreich;3
firmenbuch des hr wien;3
ottendorf-okrilla;3
petershagen;3
bretten;3
thessaloniki;3
elmenhorst;3
einhausen;3
saarlouis;3
lviv;3
koeln;3
ibbenbüren;3
 brühl;3
limburg a.d. lahn;3
grevenbroich;3
ebersberg;3
bergisch-gladbach;3
donauwörth;3
herrsching;3
marktoberdorf;3
rietberg;3
zollikon;3
 magdeburg;3
reichertshausen;3
burghausen;3
kaliningrad;3
tuttlingen;3
hessisch lichtenau;3
 wesel;3
 neresheim;3
firmenbuch wien;3
butzbach;3
kusterdingen;3
singen;3
funchal;3
lennestadt;3
st. ingbert;3
radolfzell;3
posen / polen;3
erzhausen;3
division corporations delaware;3
seeheim-jugenheim;3
hofheim;3
seattle;3
straelen;3
borken;3
buchholz i.d.n.;3
karlstadt;3
fuerth;3
brunnthal;3
greven;3
büren;3
bubenreuth;3
furtwangen im schwarzwald;3
roetgen;3
timis, rumänien;3
illertissen;3
todendorf;3
delmenhorst;3
 willich;3
lampertheim;3
hünfeld;3
seelze;3
sprockhövel;3
bad oldesloe;3
markdorf;3
winterthur;3
taufkirchen;3
friedrichshafen;3
 ingolstadt;3
heiligenhaus;3
hammelburg;3
germany;3
inning am ammersee;3
mühldorf am inn;3
guern- sey registry;3
 braunschweig;3
lindau;3
larnaka;3
 essen;3
leuven;3
bad endorf;3
trossingen;3
ehingen;3
bergen;3
kornwestheim;3
schaan;3
mülheim a.d. ruhr;3
herzberg am harz;3
markt indersdorf;3
companies house for england and wales;3
bad rothenfelde;3
baku;3
schenefeld;3
aichtal;3
nassau;3
schwerte;2
münster / österreich;2
kottgeisering;2
guernsey registry;2
lund;2
austin, texas;2
lichtenstein;2
friedrichsdorf/taunus;2
 bietigheim-bissingen;2
venlo;2
 andechs;2
kirchseeon;2
amt für rechtsangelegenheiten tokio;2
idstein;2
 ginsheim-gustavsburg;2
eppelheim;2
monschau;2
- thuwal, saudi arabien;2
 steinheim;2
frankenthal;2
lauchringen;2
waldkirchen;2
eichenzell;2
"b- rhode-saint-gen&#;se";2
senftenberg;2
kelsterbach;2
rötha;2
heinsberg;2
chicago;2
hückelhoven;2
bornheim;2
germering, landkreis fürstenfeldbruck;2
tondernstieg ,  hamburg;2
täby;2
taucha;2
 telgte;2
hoenderloo;2
geltendorf;2
immenstaad;2
 rain am lech;2
bad homburg v.d. höhe;2
weiden i. d. opf.;2
 flintbek;2
kreuzlingen /schweiz;2
rinteln;2
birkenfeld;2
simpelveld;2
caesarea, israel;2
vaihingen;2
 dinkelsbühl;2
landesgericht salzburg;2
eckental;2
brunsbuttel;2
backnang;2
hameln;2
grünwald, landkreis münchen;2
senningerberg;2
ankara, republic of turkey;2
 simmerath;2
ohlsbach;2
sittensen;2
neuenkirchen;2
konradstraße ,  münchen;2
schöffengrund;2
kolde-ring ,  münster;2
kuppenheim;2
alveslohe;2
landesgerichts graz;2
bibertal;2
 nur-sultan, sary-arka  app. ;2
oborniki / polen;2
ludwigshafen a. rhein;2
l-mondorf-les bains;2
bad pyrmont;2
zornheim;2
rastede;2
handeloh;2
handelsregisteramt kanton zug;2
elmshorn;2
kelberg;2
rimpar;2
 asperg;2
 dossenheim;2
mühlheim;2
weinstadt;2
 weißenberg;2
rain;2
brachbach;2
 goslar;2
gaiberg;2
frankfurt/m.;2
utting am ammersee;2
seefeld;2
 tapfheim, ot donaumünster;2
bolagsverket;2
mering;2
praha ;2
basel, schweiz;2
rotenburg;2
ennepetal;2
geislingen;2
dietramszell;2
nienwohld;2
bühl;2
salzhausen;2
bad mergentheim;2
bozen;2
oberhaching, landkreis münchen;2
wald-michelbach;2
wohratal;2
firmenbuch landesgericht salzburg;2
mainz-kostheim;2
companies house cardiff;2
stein;2
hildrizhausen;2
vilnius;2
fn  y;2
schöneck;2
verden;2
 metten;2
freital;2
pacifica, kalifornien;2
bad liebenzell;2
renningen;2
natendorf;2
feusisberg;2
meersburg;2
weißenbrunn;2
buenos aires;2
riesa;2
baunatal, landkreis kassel;2
lübbecke;2
espoo;2
wesel;2
liederbach am taunus;2
breckerfeld;2
raunheim;2
lautertal;2
schwäbisch hall;2
bülstedt;2
altomünster;2
gochsheim-ot weyer;2
dover;2
althengstett;2
potsdam ot neu fahrland;2
littlehampton bn jh;2
holzkirchen;2
aichwald-aichsschieß;2
leutenbach;2
küsten;2
weil im schönbuch;2
bammental;2
hohenhameln;2
kernen;2
san francisco, kalifornien, usa;2
kreuztal;2
neustadt / weinstraße;2
frutigen (schweiz);2
 seesen;2
 rostock;2
cloppenburg;2
undine, italien/italy;2
adolf-göbel-straße ,  groß-gerau;2
bad feilnbach;2
boston, ma;2
sankt peter;2
bad heilbrunn;2
arlon;2
 bad endorf;2
greitelerweg ,  paderborn;2
lilienthal;2
helsa;2
gerstetten;2
t\ufcbingen;2
pfaffenhofen a.d. ilm;2
 wintersingen;2
donaueschingen;2
dommershausen;2
linz;2
güglingen (stadtteil frauenzimmern);2
 mettmann;2
lingen;2
bruchkã¶bel;2
karlsbad;2
rommerskirchen;2
 baldham;2
 haltern am see, weideweg ;2
palo alto;2
armonk;2
merseburg;2
oldenburg (oldb);2
münzenberg;2
oberpframmern;2
abensberg;2
buttenwiesen;2
remagen;2
oberkochen;2
 mainz;2
niedernhausen;2
 amberg;2
aumühle;2
kempenich;2
uttenreuth;2
korneuburg, österreich;2
gehrden;2
schwarzenbek;2
antweiler;2
dr.-kolbe-str. ,  witten;2
knittlingen;2
bangkok;2
 osnabrück;2
 eching;2
straßlach-dingharting;2
bernau bei berlin;2
 innsbruck;2
neubiberg unterbiberg;2
weidenbach;2
ingelheim;2
vogtsburg/oberrotweil;2
 hambrücken, hardtweg nr. ;2
 singen;2
wunstorf;2
 paderborn;2
kiedrich;2
port melbourne;2
ensdorf;2
herborn;2
lehrensteinsfeld;2
erpel;2
seligenstadt;2
lünen;2
 königsdorf;2
rheinfelden (baden);2
wenke;2
letschin;2
groß-zimmern;2
neufahrn;2
neuwied;2
freudenberg;2
göteborg;2
blaubeuren;2
 münchen, arcisstraße ;2
 königsfeld im schwarzwald;2
london, uk;2
faulbach;2
eiksmarka;2
freiberg am neckar;2
ochtendung;2
hagnau;2
goch;2
kapstadt;2
 stutensee;2
oberasbach;2
haßloch;2
waghäusel;2
 gieleroth;2
rottweil;2
bannewitz;2
alzenau;2
waldbüttelbrunn;2
wertheim;2
 sibiu;2
röttenbach;2
monheim;2
luzern;2
putzbrunn;2
woluwe-saint-lambert;2
bischberg;2
vlotho;2
bad wünnenberg;2
 worms;2
kaltenkirchen;2
 nordhorn;2
grosselfingen;2
 otterndorf;2
ofterdingen;2
 puchheim;2
twistringen;2
stephanskirchen;2
 walldorf;2
 bukarest;2
rostock ot seebad warnemünde;2
 cottbus;2
 zweibrücken;2
michendorf;2
zürich/schweiz;2
 karlsdorf-neuthard;2
walzbachtal;2
hallbergmoos;2
boulder, co  (usa);2
wilhelmshaven;2
thuine;2
otterfing;2
euskirchen;2
hanstedt;2
varna;2
malmö;2
rheda-wiedenbrück;2
 mã¼llheim;2
 germering;2
kamen;2
krailling;2
gmund a. tegernsee;2
kelheim;2
 reichenbach an der fils;2
porta westfalica;2
niederwerrn;2
schweitenkirchen;2
schkeuditz;2
hirschaid;2
nordenham;2
ljubljana;2
 sulzbach;2
schwaig;2
rhöndorfer straße ,  bad honnef;2
wachtendonk;2
wentorf;2
malsch;2
weßling;2
sundern;2
neukirchen;2
unterägeri;2
wüstenrot;2
reichshof;2
ratekau;2
woltersdorf;2
münsing;2
michelstadt;2
hemmingen;2
teunz;2
achstetten;2
tel aviv;2
karben;2
 würzburg;2
haag;2
bad salzungen;2
kierspe;2
trittau;2
ettenheim;2
albertshofen;2
langen;2
 -;2
wangen;2
burgau;2
oberkirch;2
schramberg;2
königshain-wiederau ot königshain;2
 peiting;2
handelsregisteramt des kanton bern;2
bruckmühl;2
cleveland;2
ebene (republik mauritius);2
 werlte;2
tel-aviv;2
bernau;2
jockgrim;2
kandern;2
jbochum;2
menden;2
musterstadt;2
 speyer;2
velbert;2
meudon;2
 ludwigshafen;2
volgograd;2
sevenoaks;2
reinheim;2
 trier, wallstraße ;2
fernwald;2
aying;2
neuenburg;2
commercial register delaware;2
lauterecken;2
groß-umstadt;2
warngau;2
neerach;2
 münsing;2
kriftel;2
landesgericht korneuburg;2
denzlingen;2
siblin;2
münchen.;2
division corporations des bundesstaates delaware;2
emmering;2
 koblenz;2
burg auf fehmarn;2
wildeshausen;2
oberschleißheim;2
 krefeld;2
mörfelden-walldorf;2
kalenborn;2
pliezhausen;2
radevormwald;2
 unterschleißheim;2
 marburg;2
otterbach;2
stolzenau;2
los parques guayaquil;2
rothenburg;2
forchheim;2
harrislee;2
großenwiehe;2
stade;2
ortenberg;2
mötzingen;2
havixbeck;2
alling;2
wietmarschen;2
 brandenburg an der havel;2
 rödermark;2
 friedrichsdorf;2
zagreb;2
eggenstein-leopoldshafen;2
immenhausen;2
 stuttgart, kauffmannstraße ;2
elchingen;2
bindlach;2
lauf a. d. pegnitz;2
neureichenau;2
 neu-ulm;2
 schaufling;2
 krummwisch;2
d\ufcsseldorf;2
 schwentinental;2
allhartsberg;2
ganderkesee;2
grossbartloff;2
 schonungen;2
 tönisvorst;2
 wolfsburg;2
vreden;2
 stephanskirchen;2
vogtsburg im kaiserstuhl;2
klipphausen;2
deisenhofen;2
stockstadt;2
prag;2
 neustadt an der weinstraße;2
emsbüren;2
washington dc;2
andernach;2
bickenbach;2
texas;2
 ahrensburg;2
marxzell;2
melle;2
bad arolsen;2
ladenburg;2
 dornstetten;2
kappelrodeck;2
raubach;2
giessen;2
march;2
marzling;2
langelsheim;2
 hausham;2
hasbergen;2
hiddenhausen;2
 hanau;2
gammertingen;2
grevenmacher;2
esslingen a.n.;2
pfaffenhofen, niederscheyern;2
rehau;2
engelsbrand;2
 freiburg im breisgau;2
haibach;2
oerlinghausen;2
ul. kujbysheva d. , kv. , sankt-petersburg, ;2
münstertal;2
sisli, istanbul;2
marl;2
mallersdorf-pfaffenberg;2
kanton st. gallen;2
stapelfeld;2
trento/italien;2
pocking;2
muggensturm;2
plauen;2
landesgericht innsbruck;2
neuried;2
kreischa;2
winnweiler;2
 bruchsal;2
division corporations des department state des us-bundesstaates delaware;2
 lorch;2
lewes, delaware;2
riethoven niederlande;2
wennigsen;2
dover, kent county, delaware;2
wageningen;2
bad sassendorf;2
mￃﾼnchen;2
bukarest;2
 taufkirchen;2
geismarweg ,  essen;2
ebhausen;2
ch-baar;2
handelsregisteramt des kantons schaffhausen;2
holzgerlingen;2
 wildau, wagnerstr. ;2
weitnau;2
kronberg /ts.;2
veenendaal;2
basel-stadt;2
delaware division corporations;2
herzliya;2
unselected;2
 bielefeld;2
che-..;2
fn  b;2
mannheim - - mannheim;2
altdorf;2
wien / österreich;2
fritzlar;2
handelsregisteramt des kantons bern;2
unternehmensregister zypern;2
landesgericht wiener neustadt;2
danndorf;2
ahlen;2
feldkirchen;2
stans;2
 weimar;2
ekpan, delta state;2
valencia;2
chur;2
grasbrunn;2
friedberg (hessen);2
winsen/luhe;2
firmenbuch;2
secretary state delaware;2
erkner;2
waldbrunn;2
genf (schweiz);2
division corporation des staates delaware;2
stuttgart, hrb ;2
budapest (ungarn);2
spenge;2
marloffstein;2
schwabach;2
bremen, hrb ;2
lippstadt;2
turin;2
merzig;2
oranienburg;2
cham;2
dienheim;2
metzingen;2
amtsgereicht charlottenburg;2
au i.d. hallertau;2
- registergericht- stuttgart;2
commercial register kanton schwyz;2
lyon;2
ahrensbök;2
kantonsregister zürich;2
liechtenstein;2
beilstein;2
horb a.n.;2
firmenbuch des landesgerichts innsbruck;2
andechs;2
gesellschaftsregister von jersey;2
secretary state the state delaware;2
der britischen jungferninseln;2
im rosental ,  kassel;2
panketal;2
birkenau;2
hellenthal;2
durmersheim;2
klein-winternheim;2
tamm;2
nordwalde;2
wardenburg;2
 schiffweiler;2
-;2
malta;2
haigerloch;2
von schweden (bolagsverket);2
timmendorfer strand;2
 warwerort;2
kümmersbruck;2
 warngau;2
neukirchen/erzgeb.;2
schwanstetten;2
;2
nidderau;2
handelsregisteramt des kantons aargau;2
 freudenberg;2
baunatal;2
frankfurt a. m.;2
charlottenburg, ag;2
hille;2
amtsgericht;2
road town, tortola;2
niederländisches handelsregister;2
ockenfels;2
sitz: hamburg;2
genossenschaftsregister des landshut;2
heusenstamm;2
hennef (sieg);2
von luxemburg;2
 dorsten;2
mainleus;2
hoisdorfer landstraße a,  großhansdorf;2
moselkern;2
bad lippspringe;2
wolnzach;2
dänisches handelsregister;2
 kirchheim unter teck;2
haimhausen;2
senden;2
 wolfenbüttel;2
hirschberg;2
schaafheim;2
zirndorf;2
putbus;2
bad bramstedt;2
schaan/liechtenstein;2
 mudau;2
alicante;2
höxter;2
huddinge;2
notars dr. paul czaplinski, bielefeld;2
new york, ny;2
leer;2
gevelsberg;2
aarhus;2
op de lust ,  nottensdorf;2
hergiswil;2
 crailsheim;2
rednitzhembach;2
erbach;2
eutin;2
göppingen;2
wolfsburg;2
lufingen;2
 gelsenkirchen;2
 pluwig;2
emmerich am rhein;2
schönborn;2
vilshofen an der donau;2
garsfontein, pretoria, ;2
wenden;2
großbeerenstr. ,  berlin;2
no. z;2
sgp- singapur;2
neuhausen auf den fildern;2
 neu-isenburg;2
griesheim;2
 burtenbach;2
estland;2
dusseldorf;2
falkenstein/harz;2
kristiansand;2
handelsregisteramt des kantons basel-stadt;2
seattle, washington;2
bedburg;2
wendtorf;2
 hamm;2
london (gbr);2
oestrich-winkel;2
roßhaupten;2
palo alto, california;2
krasnodar;2
kirchlengern;2
hilchenbach;2
british columbia;2
vereinigtes königreich;2
salzkotten;2
commercial register secretary state delaware;2
register guernsey;2
gottmadingen;2
dänischen gewerbe- und gesellschaftsamt;2
mailand;2
tallinn;2
vechta;2
company register austria;2
kanton obwalden;2
güstrow;2
pöcking, landkreis starnberg;2
handels- und firmenregister luxemburg;2
ostbevern;2
wilmington, delaware;2
neckarstraße ,  ludwigsburg;2
handelsgert wiener neustadt;2
 leimen;2
 heuchelheim -klingen;2
oelde;2
/ charlottenburg;2
bad soden a. ts.;2
hamilton;2
mumbai;2
weilheim i. ob;2
firmenbuch von wien;2
eggolsheim;1
rüschlikon;1
sered;1
weßling-oberpfaffenhofen;1
 liederbach am taunus;1
 bechhofen;1
menslage;1
mexiko-stadt;1
kirchlinteln;1
dillingen;1
hirschhorn;1
lutherstadt wittenberg;1
mintraching;1
südstrand ,  binz;1
 weilburg;1
dallas, texas;1
 rostock, max-reichpietsch-str. ;1
glashütten;1
 castrop-rauxel;1
 bräunlingen;1
murnau am staffelsee;1
schwerzenbach;1
bechhofen;1
aichach;1
 munster;1
 kyiv;1
hechingen;1
grassau;1
bachern a. wörthsee,  inning a. ammersee;1
 nürnberg, sulzbacher straße ;1
villingen-schwenningen;1
douglas, isle of man;1
surpierre;1
schaffhausen;1
lugano;1
melpitz;1
 röthenbach an der pegnitz;1
wuxi, jiangsu;1
bröbberow, ot klein grenz;1
new york, ny ;1
charleston, sc ;1
heideck;1
assamstadt;1
steinbach (taunus);1
 langen;1
maxdorf;1
theodor-veiel-straße ,  stuttgart;1
steinkirchen;1
 herxheim;1
baunach;1
vällingby;1
 seeheim-jugenheim;1
großbottwar;1
triefenstein ot homburg am main;1
großensee;1
vught;1
sant cugat del vallés;1
argenbühl;1
 fuerth;1
leonberg ortsteil eltingen;1
grafrath;1
donzdorf;1
 schlierbach, hölzerstraße ;1
seeshaupt;1
börnsen;1
rehlingen;1
kössen, österreich;1
bagcilar/istanbul;1
karlsdorf-neuthard;1
keltenstraße ,  pöcking;1
rodenbach;1
buchenberg;1
haren (ems);1
 haldenwang;1
 deisenhofen;1
uerikon;1
richen;1
izhevsk;1
 weil am rhein ot haltingen;1
 völklingen;1
haidsteiner str.   runding;1
 kernen i.r.;1
eckstedt;1
 wesseling;1
westerjork  b,  jork;1
dunningen;1
hellwege;1
hankensbüttel;1
uste;1
portola valley, kalifornien;1
perchtoldsdorf;1
florstadt;1
st. martin;1
schönau-berzdorf;1
schönberg ot lockwisch;1
pliening, ot gelting;1
brooklyn ny;1
uesslingen;1
mittersill;1
idstein-oberauroff;1
winterberger str.   olsberg;1
kampala;1
schierling;1
gaienhofen;1
glienicke/nordbahn -bbg-;1
großolt;1
wermatswill/switzerland;1
schliengen;1
friesoythe;1
 düsseldorf, varnhagenstraße ;1
wilen bei wollerau;1
eisenach;1
dallgow /bbg.;1
martinez;1
hiratsuka;1
herrsching am ammersee;1
hilzingen;1
heimbach;1
st germain-des-fossés;1
esterwegen;1
san sebastian;1
poznań;1
balge;1
burglauer;1
mühldorf a.inn;1
olfen;1
brighton;1
stoltebüll;1
uelzen;1
weilerbach;1
rielasingen-worblingen;1
kirchberg ,  aachen;1
gremsdorf;1
petershagen/ eggersdorf;1
stemwede-haldem;1
leoben;1
kerbach;1
vösendorf;1
nurnberg;1
tegernsee;1
grafenberg;1
 cottbus, karl-liebknecht-str. ;1
grebenhain;1
 cottbus, lessingstr. ;1
geestland;1
grevelsberg;1
zugspitzstr. ,  berg, ortsteil aufkirchen;1
fridolfing;1
steinwenden;1
neckargem\ufcnd;1
eßbach;1
hann. münden;1
nersingen;1
 osthofen;1
petach tikva;1
balaschicha;1
weingarten (baden);1
- warschau;1
" r&ouml;delsee";1
berlin-zehlendorf;1
haltern;1
 forchheim;1
 volkach;1
harxheim;1
mühlbergstr.  a,  starnberg;1
kappel-grafenhausen;1
isenbüttel;1
rheinstetten;1
hollern-twielenfleth;1
arnstadt;1
beirut;1
menteroda ot urbach;1
wettringen;1
ernsgaden;1
dohma;1
 stuttgart, im schüle ;1
 dachau;1
bobingen;1
himmelkron;1
eschenburg;1
oberursel (taunus);1
brauberg;1
dornhan;1
modautal;1
lehrberg;1
glan-münchweiler;1
heidelberg/neckar;1
rettenberg;1
 lalling, kapfing ;1
große kelle;1
bietigheim-bissingen;1
siedenbüssow;1
eberswalde;1
retzstadt;1
schwalbach am taunus;1
ilvesheim;1
bönebüttel;1
donaustauf;1
maselheim;1
witzmansberg;1
kingston upon thames;1
shanghai, vr china;1
kressborn;1
parkstein;1
everett;1
westerburg;1
bensberg;1
egling a. d. paar;1
sonnrain;1
peenehagen;1
stockach ot hoppetenzell;1
heikendorf;1
bad münders;1
baltimore maryland/ usa;1
 grünwald, gabriel-von-seidl-str. .;1
 weinheim;1
 krailling;1
 potsdam;1
alsbach-hänlein;1
 grünstadt;1
bad saulgau;1
 neulußheim;1
aukrug;1
"
ote: šiek";1
mörbisch am see, österreich;1
erdbeerweg  in  stuttgart;1
altendorn;1
 st. pankraz;1
gunstelweg  in ch -  wängi;1
graben-neudorf;1
malibu, ca, usa;1
voerde;1
burbank, ca ;1
 barcelona;1
friesenried;1
obernburg a. main;1
joachimsthal;1
sinzing;1
groß-grönau;1
stadtprozelten;1
neukirchen-vluyn;1
rudolf-diesel-straße   dielheim;1
münsterlandstraße ,  gütersloh;1
uetersen;1
salem-altenbeuren;1
 eriskirch;1
saarwellingen;1
sören;1
spiesen-elversberg;1
gondelsheim;1
andorra la vella;1
 risum-lindholm;1
aglasterhausen-breitenbronn;1
antwerpen;1
böbingen;1
dießen;1
embrach;1
vagen;1
 grafenau-döffingen;1
 nieheim;1
 wedel;1
 lemgo;1
kleinmach now;1
kranj;1
ilmenau ot frauenwald;1
tröndel;1
thum/ot jahnsbach;1
 hetzles, steingasse ;1
 effeltrich, am wail- lenbach ;1
geisig;1
hildisrieden;1
winsen luhe;1
it-  brixen;1
gustavsberg;1
volzhsky;1
markranstdt;1
langquaid;1
neunkirchen am sand;1
hindelbank/switzerland;1
freigericht;1
immenstaad am bodensee;1
corsico;1
buschstr. ,  kirchlengern;1
 köln, eintrachtstr. ;1
dörpen;1
lichtenfels;1
ahrensfelder stieg ;1
kie;1
großschirma;1
riyadh-sulaimania;1
magdala;1
grefrath;1
udligenswil;1
bad abbach;1
 essenheim;1
santa fe;1
waldkappel;1
einsiedeln;1
am jungwingert ,  weinheim;1
 trebur;1
muerenbruch ,  roetgen;1
rövershagen;1
 dürnau;1
 douglas road, far hills, nj ;1
neumünster;1
großpostwitz;1
mill valley, ca ;1
handewitt;1
linden;1
cramerton nc ;1
old bridge, nj ;1
baumgässchen  in  pforzheim;1
immensee;1
karsruhe;1
london se uw;1
 einbeck;1
delbrück;1
mauer;1
 parkstein;1
ober-olm;1
bad mã¼nder;1
 pavia;1
bal harbour, fl ;1
schorndorf;1
 püttlingen;1
ulmer straße  in  stuttgart;1
pappelgasse b,  erlangen;1
dnipro;1
haarkampstraße ,  bochum;1
 seefeld, gut delling, mühle ;1
deichstraße  a,  isselburg;1
san francisco, usa;1
telemannstr. ,  ingolstadt;1
maueräcker ,  nassenfels;1
croydon;1
echenzeller str. a,  gaimersheim;1
friedrich-karl-klausing-straße ,  frankfurt am main;1
wörth a.d. donau;1
tarsdorf;1
 höhenkirchen-siegertsbrunn;1
idstein-walsdorf;1
vila nova de gaia portugal;1
redwood city, ca - ;1
bad soden-salmünster;1
 arnstorf;1
eberbach;1
 sülzfeld haselbacher straße ;1
kidlington;1
ekaterinburg, russische föderation;1
fremont, ca;1
cadolzburg;1
reichelsheim;1
 binningen schweiz;1
alflen;1
palo alto kalifornien;1
vaihingen an der enz;1
kirchentellinsfurt;1
nv  las vegas;1
ellwangen (jagst);1
lotte;1
spabrücken;1
pittsburgh;1
elchesheim-illingen;1
marcinowice;1
east tamabaram;1
ohradzany;1
berglen;1
finsing;1
somerville, ma, usa;1
lausanne, schweiz;1
jerewan;1
moormerland;1
 bestwig;1
uffing am staffelsee;1
tulpenstraße ,  alfter;1
 rümmingen;1
enger;1
sindelfingen, maichingen;1
marmaden nettersheim marmagen;1
marxen;1
 grünberg;1
kieselbronn;1
 eresing;1
weggis;1
riedering;1
gersthofen;1
biberach an der ri�;1
lachendorf;1
groß laasch;1
 königstein im taunus;1
 montabaur;1
netanja;1
babche;1
sauerlach;1
rostock-ostseebad warnemunde;1
storkow;1
rostock ot brinckmansdorf;1
bitola;1
encino ca;1
weybridge;1
strängnäs;1
 eppelsheim, keltenweg ;1
glauchau;1
louisville;1
ludwigslust;1
leipzig, theodor-kunz-ring ;1
leipzig, gießerstraße ;1
oberdischingen;1
bad kötzting;1
richmond tw qj;1
schwaz;1
 neusäß;1
omaha;1
mittelherwigsdorf;1
funchal, madeira;1
schemmerhofen;1
rickling;1
lehrte;1
untermünkheim;1
kissing;1
næstved;1
oakland;1
 wangen;1
 wettenberg;1
 frickenhausen;1
dessau-roßlau ot kleutsch, dorfstraße ;1
 bad klosterlausnitz;1
wittstock/dosse;1
heitersheim;1
mespelbrunn;1
klosters;1
eggersweide ,  hamburg;1
kk amsterdam;1
eresing;1
ekrath;1
 bad wiessee;1
registrar international business companies the financial services authority the republic seychelles;1
blaricum;1
edesheim;1
leingarten;1
guntramsdorf österreich;1
altdorf b. nürnberg;1
 pukhivka (ukraine);1
buchloe;1
london w et;1
röhrmoos;1
whitstable;1
east twickenham;1
springe;1
 bayreuth;1
riedlingen;1
nürtingen (obersingen);1
iloilo city;1
niefern-öschelbronn;1
worb;1
minhang, shanghai;1
lüchow;1
im bockeloh a,  hemer;1
neugreifenberg;1
taipei ;1
hollnseth;1
krailing;1
mosbach/ baden;1
d - augsburg;1
erfstadt;1
feuerthalen;1
 wellheim-konstein;1
knutsford, chesire;1
taichung city;1
kleinblittersdorf:selected:;1
wolfschlugen;1
krostitz ot kupsal;1
sutton;1
morden, mb;1
castrop- rauxel;1
bergdietikon;1
hellerup;1
seongbuk-gu, seoul, ;1
weißensee;1
schloss, westflügel bismarckstr. ;1
am sportplatz ,  osterby;1
register von zypern;1
waimes (belgien);1
giengen;1
st. michaelisdonn;1
neufahrn b. freising, ot massenhausen;1
 schönwald;1
waldfeucht;1
ruppertshofen;1
new york usa;1
sand in taufers;1
sliema;1
wolfhagen;1
 waldershof;1
stegaurach;1
bernau am chiemsee;1
haag/oberbayern;1
 augsburg, max-pechstein-str. h;1
weichs;1
sant just desvern, barcelona/spain;1
visselhövede;1
nideggen;1
 augsburg, ernst-moritz-arndt-straße  g,;1
wesseling;1
gorxheimertal;1
rep;1
schleching;1
möhnesee;1
bülach;1
muri;1
allendorf (eder);1
lemp\ue\uel\ue;1
alzenau-kälberau;1
 roggentin;1
warschau (polen);1
doha;1
mariendorfer weg b,  berlin;1
clara-zetkin-straße ,  keinmachnow;1
schorfheide;1
dornburg-frickhofen;1
wolbeck;1
körnerstraße ,  hannover;1
steenewark ,  steinhude;1
schleiden;1
weilheim;1
im nölkenwinkel ,  steinhude;1
lahntal;1
lippetal;1
blieskastel;1
wäschenbeuren;1
lauf a.d. pegnitz;1
zellingen;1
ricsweg , reken;1
roonstraße , köln;1
rotkreuz;1
bucharest, romania;1
portland, oregon;1
reppenstedt;1
vellmar;1
homberg (efze);1
 wittenbeck, am düsterbarg ;1
bad essen;1
feldafing;1
lauffen am neckar;1
sessenbach;1
weißenberg;1
corporations division the state delaware;1
karlsdorf;1
rösrath-forsbach;1
bexbach;1
kleinostheim;1
$-ensch;1
wustermark;1
hedwig-kettler-straße ,  karlsruhe;1
 magyar str,  üröm;1
boulogne-billancourt;1
tuchenbach;1
sulzbach an der murr;1
bäk;1
postbauer-heng;1
schneeburgstr. c,  freiburg;1
 illertissen;1
 todesfelde;1
 bechtolsheim, rieslingstraße ;1
glottertal;1
 euskirchen;1
hainewalde;1
bratislava;1
bnei brak;1
bad tennstedt;1
baiern bei münchen;1
fischbach bei dahn;1
 roding;1
carate brianza;1
 nürnberg, bärenschanzstraße ;1
pressath;1
er lisse, niederlande;1
naarden;1
titisee-neustadt;1
bad doberan;1
am salzhaff;1
deißlingen;1
 lana (bz);1
orchard lake mi ;1
dormitz;1
strausberg;1
dushanbe;1
zürich (che);1
flüh;1
vinnytsia;1
 bechtolsheim, am alten bahnhof ;1
bad drieburg;1
goirle;1
großharthau;1
erfurt ot alach;1
modena;1
heist;1
schwäbisch-hall ot gelbingen;1
at-  friesach;1
stocksund;1
 kriftel;1
eibelstadt;1
 \;1
landesoberkasse baden-württemberg, baden-württembergische bank karlsruhe, blz   , konto-nr.     bei überweisungen bitte obiges aktenzeichen und dienststellen-nr.   angeben.;1
 ingolstadt, schlüterstr. ;1
oberbüren, schweiz;1
rodenäs;1
husum/schobüll;1
friedrich-wilhelm-lübke-koog;1
 schondorf;1
osterholz-scharmbeck;1
ladera ranch;1
 radebeul, obere bergstraße  a;1
 zürich;1
eggenfelden;1
lichtenau ot ottendorf;1
rhens;1
koserow;1
mulfingen;1
 mähring;1
sk zvolen;1
schwebheim;1
bibertal-bühl;1
egg;1
úvalno;1
kramerhof, ot parow;1
altmünster;1
schwandorf ot bcchelkchn;1
sommerach;1
 dresden, werkstättenstraße ;1
frölingstr. ,  bad homburg;1
rm , door , building , zhongcang, chezhan road, tongzhou district, beijing, china;1
baiersdorf;1
hohenwarsleben;1
brissago;1
am filmlager ,  berlin;1
 moosinning;1
kraainem;1
anhausen;1
saint andré de la roche;1
gau-algesheim;1
neu-belgrad/serbia;1
krügerkamp ,  lemgo;1
rm , door , building , jinshali, yanyang road, nankai district, tianjin, china;1
neustadt an der weinstraße;1
wachmannstr. a,  bremen;1
rossacker ,  dießen;1
valencia/spain;1
in der aue ,  düsseldorf;1
 falkenberg;1
singendonkskamp, kevelaer;1
enge-sande;1
 tirschenreuth-wondreb;1
romsey, so ql;1
engelskirchen;1
borgo san dalmazzo (cn);1
origlio/schweiz;1
ch- münchenstein;1
theresienstr. b,  münchen;1
ch- pfeffingen;1
 freienwill;1
san rafael/usa;1
|i- feldthurns, pedratz ;1
eisingen;1
milano/italien;1
clausen;1
 erlenbach;1
jüterbog;1
crabs-près-céligny;1
schwalbach/ts.;1
woodinville/usa;1
 neubeuern;1
epalinges, vaud;1
gommer;1
san francisco/usa;1
niebüll;1
leinburg;1
ginsheim-gustavsburg;1
versoix;1
halásztelek, ungarn;1
 st. augustin;1
gotteszell;1
 weil am rhein;1
kreuzau;1
bad sachsa;1
budapest, ungarn;1
bohmstedt;1
eppishausen;1
 regensburg, lieblstr. ;1
keltern;1
lensahn;1
helsinki/finnland;1
swafield hall;1
rodenas;1
gößweinstein;1
bad oeyhausen;1
ritterhude;1
schildow;1
hersbruck;1
reiskirchen;1
biberbach;1
schwabsoien;1
oberkleen;1
velten;1
eschen;1
liebenwalde;1
wetter;1
 pollenfeld-preith;1
niederndorf;1
ketzin ot falkenrehde /bbg.;1
sulzburg;1
gardelegen;1
neuilly-sur-seine / frankreich;1
emil-von-behring-str.   bruchk\ufbel;1
g\ufcntherstra\udfe   frankfurt am main;1
 gladenbach;1
hohenzollerndamm ,  berlin;1
dion-valmont / belgien;1
marseille;1
br%c%bcssel;1
bad soden / ts.;1
hohenstein-ernstthal;1
stein/schweiz;1
bedford (uk);1
kã¼rten;1
, samara region, roshchinsky a/;1
 münchen, sedanstraße ;1
 almaty, lurmangazy , app. ;1
byron center;1
kranzberg;1
bad soden am taunus;1
alexandria;1
stadtlauringen;1
heidenheim/ brenz;1
almyrida;1
belgrad/serbia;1
torgau;1
 dresden, tieckstraße ;1
 aichtal, achalmstraße ;1
bollschweil;1
 niederdorfelden;1
radibor ot milkel;1
martinroda;1
königs wusterhausen ot zernsdorf;1
tokyo;1
crailsheim;1
nußdorf am inn;1
stolberg;1
ch- allschwil (schweiz);1
niederfischbach;1
mudersbach;1
west lafayette, indiana;1
seevetal, gt meckelfeld;1
 obertraubling;1
 aldingen;1
münsing, landkreis bad tölz-wolfratshausen;1
baierbrunn, landkreis münchen;1
" g&#xfc;nterode";1
lauter-bernsbach ot lauter;1
 güttersloh;1
an der germania brauerei ,  münster;1
 schlier;1
bahnhofstraße   fürstenau;1
 schwein- furt;1
oberbarnim;1
grenzach-wyhlen;1
 lichtenfels;1
linz am rhein;1
hopfenstr. ,  baden-baden;1
offstein;1
 quakenbrück;1
ch-zürich;1
riethnordhausen;1
apfeldorf;1
inzlingen;1
charlottesville;1
ruffinistr. ,  gauting-unterbrunn;1
weinsberg;1
johann-theodor-straße ,  ismaning;1
 sengenthal, keltenring ;1
vinius;1
port coquitlam bc;1
 feldkirchen-westerham;1
laboe;1
wettin-löbejün;1
oldersbek;1
maarbachstraße ;1
 dorn-dürkheim;1
 gießen, reichelsberg ;1
 hohenwestedt;1
pretoria;1
erligheim;1
asbach;1
ch-sevelen;1
feldkirchen- westerham;1
evessen;1
neunkirchen am brand;1
richmond;1
neckartenzlingen;1
biel/bienne, schweiz;1
hann.münden;1
ransbach-baumbach;1
reit im winkel;1
ch- ebmatingen;1
zerbst/anhalt;1
alaquas;1
mühlacker;1
lev ontario;1
rhönstraße ,  rodenbach;1
 neckartenzlingen;1
uhingen;1
albershausen;1
 penzing;1
london swnt;1
 nürnberg, am anger ;1
uffing a. staffelsee;1
spiez;1
beykoz, istanbul;1
ansgarstr. ,  h velhof;1
 fulda;1
stemwede;1
gera;1
 gauting;1
schleusingen;1
motihari, indien;1
aßling;1
bad ditzenbach;1
almaty;1
greenwich, ca;1
 seefeld;1
 baierbrunn;1
leinfelden- echterdingen;1
lambrechtshagen;1
dnipro , ukraine;1
platz der weißen rose ,  münster;1
hohenpei\udfenberg;1
neustadt aisch;1
borchen;1
holle;1
meilen;1
 finning;1
providence ri, usa;1
aigen-schlã¤gl;1
 hockenheim;1
timisoara;1
 schwarzenbruck;1
 offenbach am main;1
übach-palenberg;1
gimbsheim;1
 wetter (hessen);1
leuven, belgien;1
pansdorf;1
bermatingen;1
mittenwald;1
herrsching ot breitbrunn;1
thoßfell;1
wilsdruff;1
bodenwöhr;1
 rötgesbüttel;1
warburg;1
dahlem;1
el cerrito , california;1
istanbukl türkei;1
bodolz;1
bad krozingen;1
diepholz;1
lichtenturmweg   paderborn;1
datteln;1
 pyla larnaka;1
heidenheim;1
a-göttlesbrunn;1
nümbrecht;1
 dietzenbach;1
landesbergen;1
brooklyn;1
sapes, rodopi, horion kechros;1
dahlenburg;1
unterschleißheim, landkreis münchen;1
schmalkalden;1
bruckberg;1
bäch;1
forch- heim;1
frankfurt am m.;1
nüsttal;1
suffield, connecticut;1
stuttgarter platz ,  berlin;1
kuessnacht am rigi;1
hyderabad;1
tr- , gebze, kocaeli;1
tr- , darica, kocaeli;1
velden / österreich;1
ahndorf;1
lauenförd;1
jadeweg ,  berlin;1
langenselbold;1
 nachrodt-wiblingwerde;1
krabi;1
arico;1
wangen im allgäu;1
oppenheim;1
pornbach;1
gangelt;1
 unterhaching;1
 schliengen;1
 bad feilnbach;1
obersulm;1
 badenweiler;1
bangkok\/thailand;1
sibbesse;1
tambov;1
 lathen;1
margetshöchheim;1
merdig;1
gießhübl;1
riehen;1
hyderabad, telangana;1
san jose, kalifornien;1
birkenwerder;1
 kelkheim;1
reiden;1
künzell;1
 hummelshain;1
ryttergabsvej ,  pattburg;1
siek;1
papendorf ot sildemow;1
 nordheim;1
pettendorf;1
küsnacht/switzerland;1
lausanne, schweiz (ch);1
bernried, ot edenstetten;1
 hattstedt;1
johannesberg;1
waldsassen;1
lausitzer platz ,  berlin;1
ehekirchen-dinkelshausen;1
gerolsbach;1
steinkühlerweg ,  dortmund;1
atasehir, istanbul;1
mauern;1
aschheim;1
heusweiler;1
halle/saale;1
scheuring;1
monza;1
klagenfurt;1
stockach;1
changzhou, china;1
lady lake, florida/usa;1
ludwigsau;1
hemau;1
bad hom- burg;1
königsfeld;1
windsbach;1
pirmasens;1
frankenthal (pfalz);1
cape town, ;1
kings college london;1
schlierbach;1
castrop-rauxel;1
cologny;1
schrobenhausen;1
haldenwang;1
zaandijk;1
sankt petersburg;1
 schliersee;1
frasnacht;1
nauen;1
park city, utah ;1
bommersheimer straße ,  oberursel (taunus);1
 schorndorf;1
boxberg;1
schloß holte-stukenbrock;1
waakirchen;1
barsinghausen;1
dinslaken;1
 wahlstedt;1
 herzogenaurach;1
 wrohm;1
beverly;1
neuburg;1
röthenbach;1
oebisfelde;1
bad grönenbach;1
 erftstadt;1
reit im winkl;1
 moers;1
|mnchen;1
frankreich;1
grammetal;1
bönningstedt;1
obergriesbach;1
würzburg, rander- sackerer str. ;1
trochtelfingen;1
plettenberg;1
eppan;1
gunten/switzerland;1
veitshöchheim;1
 schwerin;1
brugge (belgien);1
wallisellen;1
washington d.c.;1
bournmouth;1
werneuchen;1
großbeeren;1
pool;1
 nikosia;1
pulheim / freimersdorf;1
jardim diamantino, goiania-go (brasilien);1
bernkastel-kues;1
 käshofen;1
schwarzenfeld;1
oberursel-weiskirchen;1
berlin  kiel;1
pelkovenstraße ,  münchen;1
freiburg-tiengen;1
 dombühl;1
kronau;1
 bonn, im weiler ;1
krakow am see;1
 troisdorf, alte uckendorfer straße ;1
rottendorf;1
ginsweiler;1
 nurtingen;1
bucharest;1
apelern;1
heroldsberg;1
happurg;1
 iserlohn;1
roschbach;1
 hohenstein;1
high wycombe;1
rottenburg am neckar;1
gettorf;1
 bolsterlang;1
kodály zoltán sétány  /,  százhalombatta;1
otterberg;1
hirschaid ot seigendorf;1
frankenberg/eder;1
ummendorf;1
leogang;1
bad bergzabern;1
habach;1
 nördlingen;1
schleife;1
frank- furt am main;1
caracas, edo. miranda, venezuela;1
admannshagen-bargeshagen;1
 schwerin, marie-hankel-str.  a;1
toronto, ontario;1
bad segeberg;1
lavena ponte tresa va,;1
bendorf;1
woldegk;1
sarstedt;1
laufenburg;1
ilsenburg;1
schönaich,;1
 geilenkirchen;1
 mühldorf;1
holdersteig ,  konstanz;1
 blaichach-bihlerdorf;1
dessau;1
stadt shenzhen, provinz guangdong;1
bad rappenau;1
bad berneck;1
alverskirchen everswinkel;1
menden (sauerland);1
 ehrenkirchen;1
oberhaching-furth;1
 friedberg;1
bad homburg vor der höhe;1
ditzingen-heimerdingen,;1
mehren;1
schönwald;1
panama-stadt;1
abu dhabi;1
milland, liphook;1
santa clara, ca;1
dusiburg;1
magstadt;1
 eiselfing;1
taichung city ;1
kreuzlingen, schweiz;1
estoril;1
 mülse;1
ehringshausen;1
weisweil;1
f-algolsheim;1
wuri dist., taichung city ;1
hohenpeißenberg;1
spaichingen;1
 waldbrunn;1
subiaco;1
rosbach;1
drunen, niederlande;1
beetzsee;1
schneiderstraße ,  dortmund;1
 konstanz;1
 villmar;1
 arzl im pitztal;1
choulex (schweiz);1
bünde;1
 rostock, bremer str. ;1
 bastorf, unterbastorf ;1
zug (schweiz);1
ontario;1
heidelberg, neckar;1
vellberg;1
 warendorf;1
boldekow;1
westhofen;1
kiefersfelden;1
bichl;1
monaco, monaco;1
ofterschwang;1
bayerbach b. ergoldsbach;1
 gräfelfing;1
küssnacht;1
st. vith;1
buxheim;1
 vöhringen;1
murr;1
benningen am neckar;1
gelida;1
cremlingen;1
salzgitter;1
 seltisberg;1
 arkebek;1
beek (niederlande);1
cupertino;1
greenwich, ct -;1
st. niklausen;1
 birlenbach;1
forch;1
erkheim;1
 burgschwalbach;1
 aurachtal;1
möhrendorf;1
 georgensgmünd;1
 heusweiler;1
taipei city , taiwan (roc), zipcode: ;1
ins;1
mainburg;1
langenredder ,  grömitz;1
halter am see;1
emskirchen;1
inning;1
grainau;1
ratekau ot pansdorf;1
seewald;1
alfeld;1
meckenheim;1
europastraße ,  spaichingen;1
ahomweg ,  mühlheim/donau;1
bohlstraße ,  mahlstetten;1
bad orb;1
limbach-oberfrohna;1
fläsch;1
amöneburg;1
b- wommelgern;1
regesbostel;1
l'hospitalet de llobregat, spanien;1
 komarom, kossut lajos utca ;1
jakarta;1
selfkant;1
peiting;1
neunkirchen;1
 gomau, alte chemnitzer straße ;1
 chemnitz, andréstraße ;1
schonach;1
 ludwigsau;1
nagold;1
bilbao (spanien);1
 datteln, hachhausener straße ;1
schondorf am ammersee;1
kaufbeuren;1
zaberfeld;1
ahlerstedt;1
providence;1
 münchen, kaulbachstraße  a;1
hebertshausen;1
athen;1
dolenja vas;1
ribnica;1
vereinigte arabische emirate;1
 sulzfeld;1
bad wildungen;1
 dresden ot weixdorf, bergsiedlung  c;1
 dresden, hermannstraße ;1
ober-ramstadt;1
 radebeul, augustusweg ;1
krombach;1
dettenhausen;1
ch- wollerau;1
neustadt/weinstraße;1
sexau;1
waltenhofen;1
 ebnath;1
adderbury;1
königsbach-stein;1
konstanz wollmatingen;1
schwäbisch-gmünd;1
 herrsching-breitbrunn;1
 schwanfeld;1
großpösna;1
kharkiv;1
schonau;1
 mülheim an der ruhr;1
lemmer, niederlande;1
wächtersbach;1
lisboa;1
furtwangen;1
reschstr. /. og,  münchen;1
weidestraße ,  bochum;1
meddewade;1
gütenbach;1
korfesstr. ,  braunschweig;1
bad liebenwerda;1
nettetal;1
matzenstraße ,  kaiserslautern;1
overath;1
neulußheim;1
 hohenberg;1
heilbronn-horkheim;1
hod-hasharon;1
ettenhoferstr. ,  fürstenfeldbruck;1
prisdorf;1
burgbretzingen;1
hong kong, hong kong;1
 nandlstadt;1
 kalletal;1
 straubing;1
 ochtendung;1
shenzen;1
breitenbach/  bebra;1
 flonheim;1
 pitzenebene  erbes-büdesheim;1
adelshofen;1
 würselen;1
müncheberg;1
lahr;1
melcherleshorn ,  reichenau;1
langenweißbach;1
jiangsu;1
bockenem;1
 fichtenau;1
friedberg (hessen) - ossenheim;1
schanghai;1
 mayen, kolpingstr. ;1
frauensteinplatz   frankfurt am main;1
roeckstra\udfe a  l\ufcbeck;1
gernsbach;1
blaustein, ortsteil markbronn, g\uessle ;1
blaustein, ortsteil dietingen, im br\ufchl ;1
 witten;1
 lechbruck am see;1
 bobenheim-roxheim;1
 monsheim;1
walbachtal;1
attendorn;1
belgrad;1
 brunsbüttel;1
bassersdorf;1
schwielowsee ot geltow;1
cernusco sul naviglio/ italien;1
bingen am rhein;1
algermissen;1
heide;1
exeter;1
hofheim/taunus;1
glashütte;1
warthausen;1
schwieberdingen;1
los altos;1
roznov pod radhostem;1
albrechtstr. ,  bremen;1
potsdam ot eiche;1
mindelheim;1
beldorf;1
bad aussee;1
eutingen;1
 beetzsee ot radewege;1
 schönebeck (elbe);1
altenboitzen;1
böhme;1
 döbritschen;1
 neufahrn bei freising;1
verden (aller);1
izmir;1
lautert;1
kappeln;1
 geretsried;1
saas-fee;1
st. petersburg/russische föderation;1
 walden- buch;1
loka pri žusmu, slovenia;1
štore, slovenia;1
st. veit im innkreis;1
rositz;1
freeport;1
 sauerlach;1
 berg;1
happy valley/ hong kong;1
reute;1
biedenkopf;1
st. ruprecht an der raab;1
uehlfeld;1
bergrheinfeld;1
bornich;1
zöllikon / schweiz;1
jona / schweiz;1
annweiler;1
san francisco / usa;1
 wentorf;1
haßfurt;1
 heidenheim an der brenz;1
luzern, schweiz;1
luisenplatz ,  berlin;1
 kierspe;1
hamfelde;1
 goch;1
 /  / hualing rd., shanghai, pr china;1
verona;1
oberhaching lk. münchen;1
kormoranweg ,  berlin;1
 cadenberge;1
rheinbrohl;1
yerevan;1
colombier;1
n- ski norwegen;1
hertsliya;1
 oftersheim;1
huntingdon;1
lauenburg/elbe;1
biblis-wattenheim;1
n- røyken;1
 jinzhou city, liaoning province;1
palma;1
 oer-erkenschwick;1
winterthur, schweiz;1
geinberg/österreich;1
 mainbernheim;1
stadtroda;1
plesna;1
fischbach-göslikon;1
inning an ammersee;1
meßkirch;1
boulder, colorado;1
eyendorf;1
pfaffing;1
- porto;1
  vessigebro;1
 ottobrunn;1
 hambrücken;1
nordhausen;1
sylt ot keitum;1
 horn;1
 simbach a. inn;1
 ering am inn;1
 afiesl;1
eppstein/ts.;1
steg;1
 falkensee;1
bellandur, bengaluru, karnataka;1
worpswede;1
westerstede;1
 panketal;1
weidenstetten;1
g\ufttingen;1
givrins;1
 alessandria;1
düdingen;1
cults, ab hp;1
vorderhagen;1
peschkestr. ,  berlin;1
au;1
 oberhaching;1
schutterwald;1
stapel;1
boostedt;1
neunburg vorm wald;1
neckarzimmern;1
mönchengladbach, aktienstr. ;1
sinzheim;1
marktleugast;1
messel;1
 velsburg;1
irxleben;1
sehmatal-neudorf;1
saint-julien-en-genevois;1
crottendorf;1
gauting, landkreis starnberg;1
elsloo (niederlande);1
mühlingen;1
großsteinhausen;1
wallburgstraße , remscheid;1
 esens;1
 bad urach;1
mclean;1
raanana;1
großenhain;1
gstaad-schönried;1
reinsberg ot dittmannsdorf;1
aeschlen ob guten;1
aidlingen;1
schiffweiler;1
pasadena/usa;1
 klingenmünster;1
langstedt;1
windach;1
werl;1
bern;1
sassenburg;1
hankensbuettel;1
 sachsen;1
 kyiv (ukraine);1
marktoberdorf-hausen;1
swansea;1
freilassing;1
schwalbach;1
brand-erbisdorf;1
ilshofen;1
mangaf;1
rohr;1
remseck;1
alsheim;1
charlotte, north carolina;1
 mutterstadt;1
mungia;1
inden;1
hedeper;1
bad salzdetfurth;1
schäftlarn- hohenschäftlarn;1
trippstadt;1
aspach;1
heinrich-hertz-straße -,  recklinghausen;1
kuala lumpur;1
gdańsk;1
wettenberg launsbach;1
los suenos, herradura, puntarenas, costa rica;1
kröbeln;1
new york, ny, ;1
bad hom-burg;1
deckenpfronn;1
z\ufcrich;1
zeiler;1
 herne;1
 werne;1
oyster bay, ny;1
urbar;1
wien, oskernel;1
klosterneuburg, ostemail;1
bad dürkheim;1
 engelsbrand;1
kröslin;1
coogee;1
cardiff, wales;1
ca  san mateo;1
puerto rico;1
zimmerstraße ,  braunschweig;1
 bressana bottarone;1
emden;1
richard-wagner-straße ,  köln;1
 besigheim;1
parkring ,  mannheim;1
werder (havel);1
lisabon, portugal;1
 planegg;1
 bottighofen;1
treben;1
junglinster;1
georgsmarienhütte;1
sankt-petersburg;1
 traunreut;1
 saaldorf-surheim;1
 fürth, zaunstr. ;1
 großolbersdorf;1
 st. georgen;1
 chemin de magnan,  cogolin;1
süßen;1
 friesenheim;1
varel;1
dorado;1
 höchberg, alte steige  a;1
 sassenberg;1
cherkasy;1
oberstaufen;1
kulmbach;1
artlenburg;1
new york city, new york;1
 roetgen;1
vysocany;1
 köln, reiterstaffelplatz ;1
 bammental;1
barendorf;1
commercial register guernsey;1
 rottweil;1
amt für justiz, handelsregister;1
charlottenburg hrb ;1
company register von madrid;1
buchrain / schweiz;1
 netphen;1
schwedisches gesellschaftsregister;1
 grafenrheinfeld;1
uittreksel handelsregsiter kamer van koophandel nr.;1
altenbeken;1
königstein i. t.;1
stäfa;1
registeramt kanton zug;1
kantonsregister appenzell-innerrhoden;1
registrar companies in kenia;1
silema;1
wilmington, new castle county, delaware ;1
lohmühlenstr. ,  berlin;1
münchen hrb ;1
charlottenburg hra  b;1
companies house england;1
 dessau-roßlau;1
lingen (ems);1
lingens (ems);1
hünfelden;1
büro für rechtsangelegenheiten tokio;1
boulogne-billancourt, frankreich;1
 rohrdorf;1
des kantons zug/schweiz;1
hillerod;1
kammerstein;1
lauben-heising;1
eichkamp ;1
bieberstein bieberstein;1
companies house der market supervision and administration von guizhou, v.r. china;1
serbisches unternehmensregister;1
handelskammer istanbul;1
charlot- tenburg;1
pinne- berg;1
oficiul național al registrului comerțului;1
des kantons schwyz/schweiz;1
strassen, luxemburg;1
landgerichts wels;1
zossen;1
scharbeutz;1
***;1
handelsregisters in sundsvall;1
djursholm;1
emeryville;1
handelsregisteramt des kantons zürlich;1
eurasburg;1
treis-karden;1
osterhever;1
manching;1
 bergisch gladbach;1
düsseldorf, hrb ;1
anröchte;1
 emsdetten, elsterstraße ;1
copenhagen;1
kongas;1
ochsenfurt/ ot zeubelried;1
eibenweg   aachen deutschland;1
burgoberbach;1
blankenfelde, mahlow;1
 lichtenau;1
bad dürrheim;1
hage;1
königseggwald;1
mountain view, california;1
scheden;1
erkelenz;1
prien a. chiemsee;1
ca  mountain view;1
sereetz;1
 freudenstadt, falkenstr. .;1
freren;1
sprockhovel;1
trebbin;1
nettersheim;1
eitorf;1
john-lennon-ring ,  gelnhausen;1
viersen;1
offenau;1
halle;1
pancevo/serbien;1
bergkirchen;1
offenberg;1
schwabhausen;1
lübs;1
augustdorf;1
warstein;1
ammerthal;1
singen (hohentwiel);1
brombach;1
granada;1
burgdorf;1
 siegen;1
cork;1
nünrberg;1
wohltorf;1
neubeuern (ag traunstein hra ) ( neubeuern, pfaffensteinstr. );1
von sacramento califorina;1
tornesch;1
"sitz: nevada/usa; p.o. box , zephyr cove, nevada , usa";1
merchweiler;1
commercial register canton thurgau;1
lichtendwald;1
liechtensteiner handelsregister;1
commercial register canton appenzell innerrhoden;1
bad soden a. taunus;1
willstätt;1
brasov;1
am sandthof a,  goch;1
registre des commerce et des sociétés;1
estnischen handelsregister;1
gerolsbach ot singenbach;1
registo comercial;1
kleinwallstadt;1
 mayen;1
schwindegg;1
naumburg;1
registergericht: gießen;1
krauchenwies;1
sonnenbühl;1
cvr-nr. ;1
erlbach;1
ag-charlottenburg;1
kapitalerh;1
ministry justice;1
neuhausen;1
handelsgerichts lyon;1
patent- und register- amt von finnland;1
st. augustin;1
registre du commerce et des sociétés;1
schwanewede;1
jever;1
commerce city/co  usa;1
firmenbuch der;1
 schelklingen;1
kln;1
 schwerin, august-bebel-str. ;1
neustifter straße ,  münchen;1
amt creuzburg;1
triesen, liechten- stein;1
alcobendas, madrid;1
methfesselstraãÿe ,  berlin;1
freiamt;1
portola valley;1
oederan;1
mountain view;1
geisenheim;1
bauernstraße c,  bremen;1
krems;1
 dornstadt;1
 eppingen, wolfertstalstr. ;1
stelzenberg;1
rennbahnstr. ,  münchen;1
lahnstein;1
 unkel;1
 bad abbach;1
brennberg;1
munsbach, luxemburg;1
 maishofen;1
delaware, usa;1
weil der stadt;1
registergericht: frankfurt am main;1
herisau;1
sowerby bridge, west yorkshire, hxnx;1
neu wulmstorf;1
lindenfels,  egelsbach;1
hürtgenwald;1
lg wels;1
register-nr. ;1
handelskammer;1
offenbach am;1
halle/westfalen;1
charlottenburg ;1
von jersey;1
amtsgerichte stendal;1
sąd rejonowy la m.st.warszawy w warszawie,xiii wydział gospodarczy krajowego rejestru sądowego;1
des kantons nidwalden;1
moskau, russische föderation;1
bad homburg v. d. h.;1
kanton aargau;1
 dortmund, konrad-adenauer-allee ;1
orth an der donau;1
os;1
sattendorf;1
tiefenbach;1
şişli, istanbul;1
sumida branch office tokyo legal affairs bureau, japan;1
republik österreich firmenbuch;1
tunbridge wells, tbnp;1
siegen,  heidelberg;1
krakau;1
regierungspräsidium darmstadt;1
companies house, uk;1
limburg/lahn;1
luzern/schweiz;1
salt lake city;1
mülheim/ruhr;1
mutterstadt;1
uslar;1
ludwigshafen a.r.;1
des kantons st. gallen;1
"sistema technologico de informaci&oacute;n del registro publico de panama";1
handelsregisters des kantons aargau;1
landesgericht für zivilrechtssachen graz;1
kalifornien;1
brønnøysundreg. ;1
brenz;1
hr freiburg;1
regierungspr\uesidium t\ufcbingen;1
kamer van koophandel limburg;1
los angeles, kalifornien;1
-registergericht-;1
middletown delaware;1
handelsregisteramt zu istanbul;1
registrar companies cyprus;1
estnisches handelsregister;1
cambridge;1
holstenstrasse   hamburg;1
hitzhofen;1
antdorf;1
eltville;1
(registros mercantiles);1
klaipeda;1
küssnacht am rigi;1
kreuth;1
jinhua market supervision and administration bureau;1
bad homburg v. d. h?he;1
estland/estonia;1
schwaikheim;1
kapitalerhöhung mit ausgabe neuer geschäftsanteile;1
jersey financial services commission;1
state dela-ware, delaware division corporations;1
 vohburg;1
wittnau;1
registrar corporate affairs;1
polnisches landesgerichtsregister;1
horb am neckar;1
ag charlottenburg berlin;1
maia, portugal;1
bad schallerbach;1
des kantons basel-stadt;1
handelsregisteramt kanton schwyz;1
bad homburg v. d. hühe;1
commercial register prague;1
malta business register;1
schwarzenbruck;1
ilsede;1
nationales handelsregisteramt des justizministeriums von rumänien mit sitz in bukarest (oficiul registrului comerțul de pe langa tribunalul cluj);1
unterföhring, landkreis münchen;1
der niederlande (kamer van koophandel);1
commercial register canton zurich;1
von luxemburg (registre de commerce et des sociétés);1
baierbrunner str. ,  münchen;1
handelregister des kantons genf/schweiz;1
cheltenham;1
ulmenstraße a,  meerbusch;1
kantons zug;1
welwyn garden city;1
austrian commercial court;1
register von kalifornien;1
lille métropole;1
san diego, ca ;1
 bad soden- salmünster;1
antibes;1
no. w;1
no. ;1
agr kanton thurgau;1
moritz-von-schwind-weg ,  pöcking;1
schaan/fürstentum liechtenstein;1
erlangen, hrb ;1
bad berneck i.f.;1
companies commission malaysia;1
wellington;1
handelsregisteramt des kantons zurich;1
régistre de commerce et des sociétés in luxembourg;1
clamart;1
amtsgericht, handelsregister, frankfurt am main;1
sydney;1
register partnerships cayman islands;1
heist-op-den-berg;1
alfter;1
newark de ;1
registrar companies and official receiver nicos;1
 pleckhausen;1
grimstad;1
aach;1
radolfzell am bodensee;1
 weyarn;1
registre de commerce et des soci	²t	²s luxembourg;1
amstgericht mannheim;1
george town, grand cayman, cayman islands;1
eintragung f�r;1
for the commencement;1
wilmington, new castle county, delaware;1
registro mercantil de madrid;1
braunschweig salzgitter;1
schönenberg-kübelberg;1
new york (usa);1
zã¼rich;1
handels- und gesellschaftsregister der niederlande;1
frisco, texas, usa;1
 smith street, #-, new bridge centre, singapore ;1
registry corporate affairs;1
zweibrücken;1
 saarburg;1
fn  g;1
mühlspielweg ,  göttingen;1
meilen/schweiz;1
kahla;1
limburg an der lahn;1
oldenburg in holstein;1
bargteheide;1
mörsdorf;1
finnland;1
registro público de comercio, méxico;1
nicht vergeben / not;1
fuldabrück;1
wildpoldsried;1
ludwighafen am rhein;1
finnisches handelsregister;1
comisión nacional del mercado de valores;1
 süderbrarup;1
division corporations, delaware;1
offenbach a.m.;1
 rudolstadt;1
 rockendorf;1
holzwickede;1
 heppenheim;1
kempers kamp ,  paderborn;1
daejeon;1
regierungspräsidium stuttgart;1
 ayl;1
syke;1
førde;1
rotterdam, niederlande;1
stockdorf;1
katzenbruchstr. ,  essen;1
douglas;1
finnish trade register;1
wie vor;1
levallois-perret;1
 schmitten;1
kabelsketal ot osmünde;1
königslutter;1
 coesfeld;1
am lippehafen   wesel;1
ammersbek;1
queensland, australi;1
commercial register luxemburg;1
cottbus, burger chaussee ;1
halver;1
genua;1
moosburg;1
inglostadt;1
zentrale datenbank der unternehmen;1
 kühlethal;1
knau;1
bülowstrasse a  hamburg;1
elsau;1
frankfurt am mai;1
mechernich;1
lonsheim;1
register für limited partnerships unter;1
aßlar;1
neue reihe ,  cuxhaven;1
leiden;1
bachstraße ,  cuxhaven;1
monaco;1
utting a. ammersee;1
büchen;1
caserta;1
horgen/schweiz;1
 otterfing;1
hasselt ;1
grand bourg, provincia de buenos aires, argentina;1
balmetto bay, florida;1
 eichstetten;1
bruchkobel;1
am wiesental ,  essen;1
,  berlin;1
 duisburg, deichstraße  e;1
karl-marx-allee ,  berlin;1
cäcilienstr. ,  witten;1
 haan;1
 edewecht;1
posterstein;1
 horb a.n.;1
oslo, norwegen;1
thomas-mann-straße ,  stuttgart;1
 reinbek;1
wallertheim;1
bischofsheim;1
wilmington, state of delaware (de), usa;1
reilingen;1
hodenhagen;1
th floor  holborn, london, ecn ht;1
satteldorf;1
lindlar;1
weinbergstraße ,  wildberg - sulz am eck;1
dammallee ,  bayreuth;1
heidesee;1
volketswil;1
biberach an der riß;1
sankt-ingbert-weg ,  hannover;1
schlüsselfeld;1
regsitre de commerce et des soci	t		n	t s no.;1
friedrich-ebert-straße ,  markkleeberg;1
staffhorst;1
companies registry the jersey financial services commission;1
bermuda registrar companies the government bermuda;1
sehnde;1
washington;1
utrecht;1
dresden ot schönborn;1
rennes;1
budapest / ungarn;1
ennigerloh;1
commercial register beirut;1
secretary state;1
petersaurach;1
 pm rotterdam;1
princeton;1
 köthen;1
talheim;1
güglingen;1
großheide;1
kernen im remstal;1
ruppertsberg;1
 essenbach;1
kufstein;1
karten-becken;1
 greiz;1
barcelona cataluna;1
waldenbuch;1
 budapest csalán út /b fsz. , hungary;1
 essingen;1
 mainhardt;1
iffeldorf;1
gomaringen;1
 schriesheim;1
 schwäbisch hall;1
donaustr. ,  berlin;1
fair lawn;1
middletown de ;1
brunnthal/hofolfing;1
delaware, ;1
gauting, lkr. starnberg;1
karlstein am main;1
high tech campus , ae eindhoven;1
camera di commercio industria artigianato e agricoltura di genova;1
registergericht: aachen;1
 avenue kléber,  paris;1
aying gt dürrnhaar;1
reinfeld;1
 kißlegg;1
bardowick;1
 berlin, eisenacher straße  a;1
ronnenberg;1
hepberg;1
pfäffikon;1
bienenbüttel;1
moorweg ,  soderstorf;1
 cham;1
schwielowsee;1
 boksee;1
theodor-lipps-str. ,  münchen;1
 nahe, alte ziegelei ;1
singeorgiu de mures;1
ebersdorf b. coburg;1
british virgin islands company registry;1
des stuttgart;1
des amtes für justiz im fürstentum liechtenstein;1
gentofte;1
sachsenheim;1
rue de soudromont ,  manage;1
świebodzice;1
bad homburg v . d. höhe;1
küssaberg;1
state delaware, secretary state, division corporations;1
division corporations, state delaware;1
wroclaw;1
rosh haayin;1
graben;1
san francisco, kalifornien;1
des kantons aargau;1
canton zug;1
companies house von england und wales;1
notar in m\ufcnchen, mit der gesch\ueftsstelle in  m\ufcnchen, tal :;1
ubi number state washington;1
 bad homburg v.d. h?he;1
departement enterprise;1
terrassa/barcelona;1
registrar companies ireland;1
hogenbögen;1
accounting and corporate regulatory authority singapore;1
register business enterprises in brønnøysund;1
randers c;1
wolfsburg, braunschweig;1
singapore ;1
kamer van koophandel, utrecht, niederlande;1
nach;1
registry companies;1
handelsregisteramt des kantons glarus;1
ag charlottenburg hrb  b berlin;1
wakendorf;1
sulzberg;1
münchen (baierbrunner str. ,  münchen;1
handelsregisteramt kanton basel-stadt;1
des kantons thurgau, schweiz;1
fl des flens;1
moosburg, landkreis freising;1
 budapest;1
corvallis;1
werne a. d. lippe;1
haag i. ob;1
 olching;1
 hamburg, duvenstedter berg ;1
tokyo-to, musashino-shi, nakacho;1
buchholz in der nordheide;1
badener-straße a,  zürich;1
unterschleissheim;1
weißenhorn;1
 rheinstetten;1
dedelstorf;1
kriens;1
wehr;1
goldwörth;1
santa clara, ca ;1
krakau, polen;1
schalksmühle;1
firmenbuch des landgerichts linz, österreich;1
ministry economic affairs, taiwan, unified business no. ;1
genossenschaftsregister des münchen;1
lauda-königshofen;1
allendorf;1
wels;1
saarbr\ufccken;1
spanisches firmenregister;1
boston, ma ;1
sidcup, kent, england;1
amtgerichts landshut;1
maisons-laffitte, frankreich;1
 balingen;1
 überlingen;1
salt lake city, ut;1
r�desheim;1
handelsregisteramt kantons zürich;1
handels- und firmenregister des großherzogtums luxemburg;1
lg innsbruck;1
handelsregisteramt des kanton zug;1
wienburgstraße ,  münster;1
efringen-kirchen;1
staatskanzlei von florida;1
papendorf;1
belgisches handelsregister;1
schopfheim;1
firmenregister des kantons st. gallen;1
der gemeinde aargau;1
hr darmstadt;1
hr mann- heim;1
vourles;1
now;1
seoul;1
lodz-srodmiescie;1
handelsgericht brüssel;1
california secretary state;1
wesendorf;1
adelmannsfelden;1
ball ground, ga;1
chalottenburg;1
 namborn;1
fürstenwalde/spree;1
graefestr. ,  berlin;1
marburg (lahn);1
newark;1
acra singapore;1
weinstadt (ag stuttgart, hrb );1
simmelsdorf;1
stockholm, schweden;1
handelsregisteramt kanton aargau;1
lathuile;1
des tartu county court registration department;1
tartu;1
haag a. d. amper;1
state of delaware;1
wilmington, county of new castle;1
karlsfeld, landkreis dachau;1
bad tölz, landkreis bad tölz-wolfratshausen;1
loxstedt;1
commercial register the canton zug;1
kopenhagen, dänemark;1
von turin;1
kantons nidwalden;1
northridge, ca ;1
grand cayman, ky-;1
oosterhout;1
commercial register the state nuevo ledn;1
kanton freiburg;1
illschwang;1
bad kissingen;1
finnisches (finnish patent and registration office);1
wilmington/delaware;1
registre de commerce et des soci\uet\ues;1
wollbach;1
händelstr. ,  seligenstadt;1
nordstemmen;1
stuttgart - - stuttgart;1
wassenaar;1
brückenstraße ;1
riegsee;1
 dormagen;1
nünberg;1
strovolos, nicosia;1
der republik zypern;1
ammerbach-altingen;1
laudenbach;1
division corporations (department state, delaware);1
poslovni register slovenije;1
des kantons waadt;1
dahlem kronenburg;1
kanton bern;1
landesgericht linz;1
georgenkirchstraße /,  berlin;1
registrar ras khaimah economic zone;1
 kaprun;1
ag frankfurt/main;1
companies registration office in the city cardiff;1
kantonsregister appenzell;1
companies registry hong kong;1
acra (singapore);1
meriküla, harjumaa;1
stollberg/erz.;1
 elbtal;1
hinterm eichhof ,  bardowick;1
scharbeutz/ ot haffkrug;1
lysakar;1
holmestrand;1
division corporations - state delaware;1
registrar joint stock companies;1
lübeck hra  hl;1
raisting;1
cottastraße ,  stuttgart;1
foretaksregisteret (unternehmensregister);1
zwiestädterstraße ,  berlin;1
hamburg, hrb ;1
charlottenburg, hrb  b;1
lewes;1
w\ufcrzburg;1
registrar companies hong kong;1
siegen   ur .- nr. / -;1
siegen   ur .- nr. -;1
firmenbuch nr.;1
zell am main;1
gesellschaftsregister f england und wales;1
baar (switzerland);1
helmstedt,  babenhausen;1
des kantons bern;1
nr. ;1
- gliwice;1
handelsgericht eisenstadt;1
secretary the state delaware;1
philadelphia;1
 limburgerhof;1
 nehren;1
 kerken;1
handelsgericht osijek;1
holzheim;1
lenting;1
gaißach;1
uittreksel kamer van koophandel.;1
veghel;1
coriano (rn);1
department state divison corporations (delaware);1
firmenbuch der republik \udsterreich;1
amtsg charlottenburg;1
gesellschafters;1
 warngau, ot oberwarngau;1
lisztstrasse   hamburg;1
fahrdorf;1
f- cleres;1
wiehl;1
glienicke;1
oberstdorf;1
ahlden (aller);1
ot zaatzke;1
wettstetten;1
 kanzem;1
windischeschenbach;1
adelschlag;1
 römerberg;1
 plankstadt;1
unterengstringen;1
 staufen i. br.;1
 ottersweier;1
oberammergau;1
weilheim an der teck;1
spanisches handelsregister;1
hoisdorfer landstraße ,  großhansdorf;1
utting;1
oberndorf;1
hefei anhui;1
boston, massachusetts;1
detroit;1
 graben-neudorf;1
 brackenheim, sternenfelser str. ;1
füssen;1
- poznan;1
blankenfelde/mahlow;1
 lindlar;1
rankweil/ österreich;1
friedrich-list-straße   echterdingen;1
 hofheim am taunus;1
mannheim: hrb ;1
angermünde;1
stuttgart-bad cannstatt;1
wittmar;1
prittriching;1
vaterstetten-baldham;1
bad schwalbach;1
nordhorn;1
leun;1
bargfeld-stegen;1
reddelich;1
 nagold;1
dã¼sseldorf;1
görlitz;1
seelingstädt;1
dudenhofen;1
amman ;1
st. georgen;1
 südliches anhalt;1
thier martin ,  battice;1
greifswald ot wieck;1
 vk 's gravenhage, spaarneplein ;1
mariano comense;1
reichenbach;1
registrar ministry government services toronto, ontario;1
sã£o paulo;1
dillingen a.d.donau;1
estonian companies registry;1
bundesstaat delaware;1
gaildorf;1
chiasso;1
altlandsberg;1
weilheim i.ob;1
gyor;1
neue bahnhofstrasse ,  berlin;1
alte jakobstraße ,  berlin;1
tambow oblast;1
trierweiler;1
luckenwalde;1
 hof, murringweg ;1
namensänderung durch eheschließung;1
buttenheim;1
anzing;1
derry;1
 königsbrunn;1
cochem;1
 lohmar;1
 wilhelmshaven;1
straubenhardt;1
weissach im tal;1
neustadt an der weinstrasse;1
otterndorf;1
höchstadt a.d. aisch;1
salzgitter friedrich-ebert-str. ;1
london e ng;1
 fürth;1
adalbert-stifter-str. ,  münchen;1
schömberg;1
niemcz;1
voels, österreich;1
fockbek;1
winterberg;1
 schlotfeld;1
 st. georgen bei grieskirchen;1
 rue blomet,  paris;1
tharandt;1
stuttgart-feuerbach;1
 steinfurt;1
hartford, ct;1
cayman islands companies registry;1
gilching, lks. starnberg;1
registrar companies hong kong special administrative region;1
gydnia;1
no. , huochezhan road, sanhe city, hebei province, ;1
handelsregisteramt des kantons zug (schweiz);1
malta business registry;1
klagenfurth;1
fuzhou verwaltung für industrie und handel;1
des kantons genf;1
 alfter;1
firmenbuch des landesgerichts leoben;1
ordnungsnummer: .-st.;1
oadby, gb-leicester;1
brombeerweg ,  berlin;1
nicosia;1
preetz;1
saarburg;1
dornstadt;1
sharkeya;1
handels- und gesellschaftsregister des fürstentums liechtenstein;1
neustadt a.rbge.;1
registre de commerce et des sociétés, luxembourg;1
traunstein münchen;1
companies register hongkong;1
ans by;1
der wohnort des gesellschafters dr. bardow hat sich geändert;1
"sitz: berlin; fasanenstraße   berlin";1
rotthalmünster;1
baltersweiler;1
saint louis;1
geleen / netherlands;1
garching b. münchen;1
von ontario;1
accounting and corporate regulatory authority;1
landau in der pfalz;1
lille;1
von zypern;1
menlo park, kalifornien;1
der handelskammer istanbul;1
reichenschwand;1
 ellhofen;1
quito, ecuador;1
adelheitsdorf;1
werne;1
tsim sha tsui, hong kong;1
alford;1
laufen;1
s-gravenhage;1
frankfurt\/oderhrb  ff;1
registre du commerce et des sociétés grenoble;1
regenburg;1
zentrales unternehmensregister von dänemark;1
maharashtra;1
philippsburg;1
rechberghausen;1
sitz: appen;1
 montzen;1
 kleve;1
hochspeyer;1
braunsdorf;1
mannheim, erlenstraße ;1
 stuttgart moserstraße ;1
hünstetten;1
alfred- wachtel-str. , ;1
charlotenburg;1
braunschweig braunschweig;1
schweizer des kantons zug;1
kösching;1
lengerich;1
neckartailfingen;1
kirchroth;1
lindau (bodensee);1
lauenburg;1
agriswil, wiler ;1
holzminden;1
grossaffoltern, farnigasse ;1
maintal;1
kantons luzern;1
commissión nacional del mercardo de valores;1
nl- ae vaals;1
des staates luxemburg (luxembourg business registers g.i.e.);1
dobra;1
 stuttgart margaretenstr. ;1
 weißensberg;1
newark, new castle, delaware;1
unternehmensregister des staates delaware;1
neckargmünd;1
state delaware, secretary state;1
helsingborg;1
belmain;1
die;1
nijmegen;1
 leverkusen;1
 mittweida;1
tel aviv, israel;1
stadt hangzhou, provinz zhejiang, bezirk gongshu;1
des kanton zürich;1
zeitz;1
blankenburg;1
frankfurt an main;1
caras-serverin, rumänien;1
registrar companies for scotland;1
handels- und gesellschaftsregister luxemburg;1
partnerschaftsregister von guernsey;1
 heinsberg;1
fernwald-annerod;1
department industry, science, energy and resources;1
division corporations (department states delaware);1
handelsregisteramt im kanton zürich;1
friedrichsdorf ts.;1
vimystraße ,  freising;1
neuchâtel, schweiz;1
schwentinental;1
leinzell;1
muhr am see;1
 bad essen;1
düren mariaweiler;1
eschershausen;1
salem ot weildorf;1
salem ot beuren;1
laas;1
weissbad;1
dänischenhagen;1
tretten;1
danzig;1
taunusstein ;1
freiberg a. n.;1
sersheim;1
roding;1
kyiv ;1
kissenbrück;1
 lehrte/ahlten;1
fernham, faringdon, oxfordshire sn nz;1
tivat;1
bettmeralp;1
werlte;1
 herten;1
sax/schweiz;1
 bad homburg;1
 ritterhude;1
 bad homburg v. d. h{\uf}he;1
alfershausen ,  thalmässing;1
moltkestr. ,  nürnberg;1
äußere kanalstraße ,  köln;1
hüttenstraße ,  dortmund hüttenannstr. ;1
 marxzell;1
 otzberg;1
ebenhausen;1
scheibenberg;1
zuzwil;1
isny im allgäu;1
antrifttal;1
ch- dornach;1
biesenthal;1
sasbach;1
kirchberg ,  bad lauterberg;1
eisenberg;1
am sulberg ,  duderstadt;1
neumarkt am wallersee, österreich;1
ch- lausanne;1
weeze;1
ch- zug;1
niemetal-ellershausen;1
 neumarkt;1
wilkau-haßlau;1
öhringen;1
nordheim;1
jakobsli / norway;1
novi sad;1
elshout, niederlande;1
wiltshire;1
hohnhorst;1
indianapolis, |usa;1
marquartstein;1
longuich;1
shanghai, china;1
hollenbach;1
weinböhla;1
deisslingen;1
fredersdorf-vogelsdorf;1
nrvenich;1
mlheim an der ruhr;1
hahnbach;1
dallgow-döberitz ot seeburg;1
gratkorn;1
corte madeira, california;1
tavira;1
canton, ma;1
dresden ot mobschatz;1
wiesbaden-medenbach;1
rorschach;1
 pfinztal;1
partenheim;1
 niedernswöhren;1
heverlee;1
büttelborn;1
hasselt;1
alfstedt;1
bovenau;1
bad karlshafen;1
schaan, fürstentum liechtenstein;1
 gossau;1
anif (österreich);1
seewalchen;1
strullendorf;1
 lilienthal;1
worb (schweiz);1
straßwalchen;1
rexton;1
venice;1
odelzhausen;1
ch- basel;1
baltimore;1
papenburg;1
ramat gan;1
ra anana;1
ch- stäfa;1
kronberg i.ts.;1
 oyten;1
elsdorf;1
 figeholm;1
bad wörishofen;1
i-  gardone riviera bs;1
srivilliputhur;1
kahre west mumbai;1
bayrischzell;1
santa catarina;1
 burgau;1
 forstinning;1
f- seltz;1
escheburg;1
shannonville, ontario, kanada;1
groningen;1
tinnum/sylt;1
mumbai , indien;1
southport;1
gif sur yvette;1
mã¼nchen;1
 neuenburg am rhein;1
salem;1
niddatal;1
heldenstein;1
holdorf;1
 wiehl;1
 hemmingen;1
oppenwei- ler;1
hohberg;1
kalifornien, venice, usa;1
 moskau;1
obernburg;1
limburgerhof;1
bellevue, washington;1
menlo park, california;1
jud ilfov;1
hochkirch;1
 süßen;1
nentershausen;1
kalletal;1
höchstadt;1
hergenrath (belgien);1
bürgstadt;1
ditzingen;1
sandesneben;1
 oberkirch;1
gunskirchen;1
st. ulrich a.p.;1
palto alto;1
 aachen, lochnerstraße ;1
wellenstein, luxembourg;1
cypress tx , vereinigte staaten (usa);1
 doberschütz;1
seattle, usa;1
neum\ufcnster;1
obersiggenthal (ag) nussbaumen bei baden;1
klosterneuburg / österreich;1
, moskau;1
 k�ln, hansemannstr. ;1
bruck;1
riedenheim;1
gallin;1
nottuln;1
aulzhausen;1
meggen;1
wabern;1
 wörnitz;1
gäufelden;1
 aufhausen;1
borkheide;1
frickenhausen;1
hájkova   praha ;1
neuenahr-ahrweiler;1
leer (ostfriesland);1
allschwil;1
pollenfeld;1
oxshott;1
bedford;1
lenzerheide;1
unterseen;1
pottenstein;1
 altenstadt;1
kröning;1
quakenbrück;1
westensee;1
neckarstraße ,  untereisesheim;1
 st. kanzian am klopeiner see;1
 kemmern;1
 podolsk, moskovskaya obl.;1
niederkrüchten;1
jona;1
klein nordende;1
 ravensburg;1
eiken (schweiz);1
wdlq watford;1
 splitt;1
regenstauf- ramspau;1
kronach;1
wörth an der isar;1
carthage salambo;1
boulogne, provincia de buenos aires, república argentina;1
salzburg, österreich;1
milano;1
 nürnberg, stuckstraße ;1
kocaeli / gebze;1
weißling;1
cuttack/odisha/indien;1
 ostfildern;1
 tremona;1
 torino;1
snhu marlborough;1
alpen;1
wernau (neckar);1
eschweiler;1
 büdelsdorf;1
 ebhausen;1
 banzkow, hamburger frachtweg ;1
dompfaffenweg  a,  k ln;1
 erfurt;1
 hermsdorf;1
klein molzahn;1
northeim;1
anklam;1
herrliberg, schweiz;1
auckland;1
 bad wildbad im schwarzwald;1
 pforzheim;1
 welling;1
 attendorn, auf der lake;1
kelheim-kapfelberg;1
neustrelitz;1
öhningen;1
großheubach;1
mühltal;1
 pleiskirchen;1
cz- prag;1
staufen i. br.;1
m\ufcllheim (baden);1
wexstraße ,  hamburg;1
weil;1
 trierweiler;1
wald;1
 kempten (allgäu);1
fuldatal;1
kalmthout, belgien;1
 ebenweiler;1
 biberach;1
ufa, respublika bashkortostan;1
karlstein;1
eislingen;1
london nw au,  belsize lane;1
 harsewinkel;1
dießen am ammersee;1
monheim am rhein;1
barbing;1
köfering;1
 kell;1
saarbrücken-gersweiler;1
weißenborn;1
 nürnberg, bessemerstr. ;1
neustadt am rã¼benberge;1
newtonstr.  f,  berlin;1
 nürnberg, bleichstraße ;1
schlüchtern;1
königsbrunn;1
stahnsdorf;1
stutgart;1
rubensstr. ,  hannover;1
uttar pradesh;1
brilon;1
obertshausen;1
brühlstraße ,  dormettingen;1
höhenkirchen;1
kröv, im langen morgen ;1
kröv, karolingerstraße ;1
oyten;1
surrey;1
eslohe;1
aerdenhourt/niederlande;1
enskede;1
richard-wagner-straße ,  waldkraiburg;1
thalheim / erzgeb.;1
freiburg-munzingen;1
zürich, switzerland;1
 herrenberg;1
coral gables;1
kalkara;1
des (local court) von delaware;1
handelsregisteramt alba;1
dos id. ;1
suben;1
dilbeek (belgien);1
nyon (schweiz);1
charlottenlund;1
 b;1
burrweiler;1
hawalli;1
bottighofen, schweiz;1
großwallstädter straße ,  niedernberg;1
nobitz;1
parkstetten;1
landau an der isar;1
beucha;1
 schriesheim, huberweg b;1
 neunkirchen-seelscheid;1
 bad honnef;1
meerane;1
bönninghauser straße ,  dortmund;1
borker str. ,  lünen;1
lindenfels glattbach;1
bolanden;1
weiherstr. ,  pforzheim;1
bangkok, thailand;1
bruneck;1
altendorf, switzerland;1
meilen, switzerland;1
 waldfischbach-burgalben;1
wellendingen;1
harsefeld;1
 schwabhausen;1
bottighofen;1
south san francisco, usa;1
veitsbronn;1
burghaun;1
buchen;1
möser ot lostau;1
kreillerstraße a,  münchen;1
 oelde;1
sulzbach am taunus;1
 walderbach;1
pilisszentkereszt;1
alenquer;1
 olsberg;1
kisvárda;1
weidenthal;1
freudenstadt;1
zangberg;1
berg ot kempfenhausen;1
plesenkam;1
nagelberg;1
encinitas, kalifornien/usa;1
plankstadt;1
schöneiche bei berlin;1
aue;1
zwönitz;1
 schleswig;1
hollywood;1
manama, kingdom of bahrain;1
apex;1
 lippstadt;1
 kiefersfelden;1
 sindelfingen;1
hipoltstein;1
tuntenhausen;1
burglengenfeld;1
goleta, ca ;1
küsnacht, schweiz;1
kirkel;1
kalchreuth;1
 fischbachau- greisbach;1
neuhardenberg;1
kaufering;1
wielenbach;1
rostock ot ktv;1
baar, schweiz;1
 passau;1
 pocking;1
bietigheim;1
milda;1
nou, llucmajor;1
palma de mallorca;1
walchensee;1
mellingen;1
rheinsberg;1
 belum;1
 stinstedt;1
 tegernsee;1
 zülpich;1
 perl-nennig;1
hirzenhain;1
 budapest, hárshegy utca -. ;1
 dunakezi, lehel utca ;1
schwanau;1
 neunkirchen;1
 langenpreising;1
 ismaning;1
 freising;1
 marktheidenfeld;1
dolgoprudny;1
frankfurt a. m. wendelsweg ;1
mannheim k, hausnr. ;1
frankfurt a.m. elsterstraße ;1
stadecken-elsheim;1
 friedrichsthal;1
 nalbach;1
braunsbedra ot groß-kayna;1
menlo park, usa;1
st. wendel-bliesen;1
maikammer;1
stetten am kalten markt;1
reichenbach an der fils;1
allensbach;1
jupiter;1
hersberg;1
alteglofsheim;1
nuthetal;1
ch- zürich, bühnerstraße ;1
baiersbronn;1
 halver, heerstraße ;1
brooklyn, ny, ;1
lütjensee;1
zwingenberg;1
hamberge;1
rückersdorf, mohnwinkel la;1
brentford greater london tw oau, apt.  trico house ealing road united kingdom;1
indian well;1
zollikerberg;1
 wüstenrot;1
 bernstadt;1
sannat;1
waldstraße .  flacht;1
am hohen rain ,  neunkirchen;1
 schlitz, an der trossbach ;1
jagstzell;1
hövelhof;1
edinburgh / schottland;1
sylt;1
konstancin-jeziorna;1
oberhausen-rheinhausen;1
hésingue;1
au in der hallertau;1
rheinfelden;1
scuol;1
 lübeck;1
kisdorf;1
- nowy sacz;1
gottenheim;1
eigentragen im firmenbuch von österreich;1
 perm russische foederation;1
a- innsbruck;1
the registrar companies for england and wales;1
 ;1
guernsey;1
company register in israel;1
oberuckersee;1
registry companies, cayman islands;1
hb bremen;1
frankfurt\/oder;1
wilmington, delaware, usa;1
l\ufcbeck;1
boulder;1
nl- lm nieuweg- ein;1
padova;1
pullach i. isartal, landkreis münchen;1
mannheim - registergericht;1
kastner verwaltungs gmbh köln;1
amt für und notariate st. gallen;1
(kamer van koophandel) der niederlande;1
hramt kanton schwyz;1
 biberach an der riß;1
amstelveen;1
madrid / registro mercantil de madrid;1
heerlen;1
pasadena, ca ;1
gustav-mahler-str. a,  adendorf;1
commercial register the bahamas;1
nationales register polens;1
zumikon;1
hr kanton st. gallen;1
klampenborg;1
 saarbrücken-jägersfreude, achenbachstraße ;1
landesgericht feldkirch (vorarlberg/at);1
des kantons zug (schweiz);1
firmenregister malta;1
 garching b. münchen;1
estnischen unternehmensregister;1
firmenbuch österreich, handelsgericht wien;1
handelsregisteramt des kantons zug, schweiz;1
von dänemark;1
am petersberg   deutsch evern;1
heemstede;1
kanton basel-stadt;1
bei der johanniskirche ,  hamburg;1
den haag;1
schliersee;1
d체sseldorf;1
 hornberg;1
würzburger straße ,  oldenburg;1
nadorster straße  a,  oldenburg;1
bahnhofsplatz ,  butzbach;1
handels-gericht wien;1
commercial register von madrid;1
st. peter port;1
bayerstraße b,  münchen;1
landesgerichts innsbruck;1
dueren;1
company register the state delaware;1
landgericht innsbruck;1
gesellschaftsregister hong kong;1
herrsching a.ammersee;1
qormi;1
zeitlarn;1
gesellschaftsregister für luxembourg;1
münchen (kobellstraße ,  münchen);1
crossroads bank for enterprises;1
company register singapore;1
wittgert;1
 raguhn;1
e- barcelona;1
sitz: seeheim-jugenheim, breslauer straße   seeheim-jugenheim;1
"sitz: berlin; schreiberhauer straße   berlin";1
north carolina department state;1
tokio;1
registre du commerce et des sociétés - rcs;1
der cayman islands;1
norwood;1
unternehmensregister ministerium fã¼r justiz;1
registre de commerce et des societes;1
new york, usa;1
haar, lkr. münchen;1
mölln;1
commercial register gibraltar;1
state new jersey;1
conservatoria do registo comercial de vila nova de gaia;1
kerkrade;1
 dexheim;1
register kanton schwyz;1
 friedrichshafen;1
pfullendorf;1
freiburg i. breisgau;1
dänemark;1
kitzbühel;1
trade register luxemburg;1
trade register;1
firmenbuch der stadt wien;1
 reichenbach;1
welden;1
minden;1
gronau (leine);1
liestal;1
grünwald landkreis münchen;1
stadtbezirks-\;1
niederlande (kamer van koophandel);1
commercial register greece;1
niederländische handelskammer;1
char;1
ellerau;1
stetten;1
alvor, portimão;1
rees;1
icommercial court stuttgart;1
slobozia;1
colorado;1
der niederlande (kamer von koophandel);1
würrich;1
 rheine;1
bulgarisches handelsregister;1
bergkamen;1
 oberkochen;1
pfeffingen;1
krummendeich;1
schwedisches unternehmens- register;1
 schwandorf;1
 frankfurt;1
losser;1
golßen;1
register der juristischen personen der republik litauen;1
münchen, hrb ;1
kyiv;1
friedrich-list-straße ;1
ludwigshafen a.rhein (ludwigshafen);1
döbeln;1
holunderweg ,  walsrode;1
 gärtringen;1
oslo;1
registrator der befreiten kommanditgesellschaften der cayman-inseln;1
wiener neustadt;1
basel (schweiz);1
velden am wörther see;1
local court;1
register von tokio, japan;1
us sec;1
gescher;1
elbtal;1
roßdorf;1
hogemann dorit;1
schaanwald;1
wallenbachstraße .;1
weiswampach;1
landgericht tartu;1
register the state delaware;1
lutterbek;1
atlanta, georgia ;1
trondheim;1
alicante in spanien;1
 birkenfeld;1
 blumberg;1
salzburg (österreich);1
norwegisches handelsregister;1
san francisco, ca;1
handelskammer rom;1
hartenholm;1
landsberg;1
weißenfeld;1
hohenkammer;1
des kantons thurgau;1
fürstenberg ot barsdorf;1
hemsbach;1
balmain;1
kronberg, königstein im taunus;1
"sitz in: maples corporate services limited, postfach , ugland house, grand cayman, ky-, cayman islands; hauptgeschäftssitz in:  fute zhong road, waigaoqiao, pudong, shanghai , china";1
grand cayman, cayman islands (c/o conyers trust company (cayman) limited, cricket square, hutchins drive, po box , grand cayman, ky- , cayman islands;1
companies the cayman islands;1
burgkunstadt;1
secretary state, state delaware;1
greenbrae;1
 großkarolinenfeld;1
 würzburg, kiefernweg ;1
munsbach;1
von neuseeland;1
steinfurt hrb ;1
istanbul/türkei;1
luxemburger handels- und;1
damme;1
companies registration office - cro;1
eschwege;1
waldbreitbach;1
 brechen;1
nuernberg;1
schloß holte;1
registrar limited partnerships der kaimaninseln;1
burgas;1
secretary state the stare delaware;1
fribourg, ch - schweiz;1
dover, kent county, postal code ;1
finnischen patent- und registerbüro von helsinki;1
poznan;1
neussäß;1
denkendorf;1
mertesdorf;1
horgen (ch);1
register shanghai;1
kamer van koophandel nederland;1
tellig;1
s.o.;1
companies house (england and wales);1
brønnøysundregistrene (einheitsregister von brønnøysund, norwegen);1
bad berka;1
österreichisches firmenregister;1
australian securities & investments comission (asic);1
 wildau;1
archiac;1
nevada secretary state;1
gericht, hr-nr.;1
seattle, washington, usa;1
st peter port;1
gschwandt;1
riga;1
charlotten- burg;1
des staates delaware;1
irisches companies registration office;1
"wohnort"":{"""":""""}";1
 hof;1
alexandra view #-, the echelon, ;1
hillsborough, ca ;1
lich;1
biot;1
ibbenbühren;1
böhl-iggelheim;1
montagnola, schweiz;1
 erwitte;1
garrel;1
filsen;1
pöcking;1
 lichtentanne;1
groningen/niederlande;1
eckernförde;1
steinstraße ,  kaiserslautern;1
cape town;1
rudolf-breitscheid-straße ,  kaiserslautern;1
meppen;1
großenkneten;1
chandler, arizona;1
 halver;1
geisenfeld;1
oberkrämer;1
koburger straße ,  markkleeberg;1
reichenberg;1
prichsenstadt, ot laub;1
kall;1
marktzeuln;1
verl;1
 neukirchen;1
 teisendorf/ot oberteisendorf;1
oakville;1
 ainring/ot perach;1
 steinbach;1
leichlingen;1
jerusalem;1
bernardsville nj;1
rehovot;1
mettman;1
swisttal;1
 würzburg, oeggstraße ;1
nierstein;1
middletown;1
 clausen;1
 merklingen;1
 großberg;1
kostheim;1
 ronnenberg;1
ingersheim;1
pegeia;1
bergtheim;1
 würzburg, gegenbaurstraße ;1
kerken;1
lehre;1
"h\ufhe eur"":{"""":""""}";1
 bad kreuznach;1
wölfersheim;1
jänschwalde;1
tramm;1
kludenbach;1
 bischheim;1
neckarsulm;1
polch-kaan;1
probsteierhagen;1
würzburg, josefplatz ;1
sigmarszell;1
 paris;1
 wiesentheid;1
gewerbegebiet   ostermiething;1
grünstadt;1
burgstall;1
neunkirchen a. sand;1
angern;1
halle/sa.;1
wiesenbach;1
bad schönborn;1
ch- pontresina;1
lissabon (portugal);1
 sigmarszell;1
boston;1
 eppelborn;1
daegu (republik korea;1
oberreute;1
pfarrkirchen;1
 duisburg;1
 emmelshausen;1
 michelfeld;1
maltepe istanbul;1
altasehir, istanbul;1
buchberg-sengenthal;1
amersham;1
sollstedt;1
bergen auf rügen;1
cudwells;1
auerbach;1
adendorf;1
grafing b. münchen;1
merenberg;1
bad herrenalb;1
karben okarben;1
ihringen-wasenweiler;1
 ottensoos;1
ueda;1
mülheim a.d.r.;1
boppard;1
singhofen;1
 erkelenz;1
jößnitz;1
vétroz;1
walchwil;1
aesch;1
atlanta, georgia;1
clemont-ferrand rcs;1
firmenbuch des landesgerichts graz;1
firmenbuch des landesgerichts wien;1
oldenburg (holstein);1
new york city;1
 rue lou hemmer,  luxemburg;1
neresheim;1
bothkamp;1
charlotten-burg;1
registrar limited partnerships, cayman islands;1
sömmersdorf;1
larnaca;1
aschaffen-burg;1
sülzetal (ag stendal;1
aadorf;1
www;1
handels- und gesellschaftsregister paris;1
greffe du tribunal de commerce de paris;1
fahrenzhausen, landkreis freising;1
ag bad hersfeld;1
magdalenenstraße   berlin;1
königstein i. ts .;1
berchem, antwerpen;1
von caserta;1
guichet d'enterprise;1
companies house uk;1
 emmering;1
boras;1
"geburtsdatum"":{"""":""""}";1
/ mannheim;1
agios athanasios;1
sisli/istanbul (türkei);1
- registergericht- münchen;1
santiago;1
illingen;1
nürnberg, registergericht;1
berlin and münchen;1
villers-le-bouillet;1
liège;1
unternehmensregister luxemburg;1
københavn;1
s. o.;1
singapore registrar companies;1
münchen,;1
 bad orb;1
 pulheim;1
 hürth;1
zuzenhausen;1
oftersheim;1
handeslregisteramt des kantons zürich;1
greffe du tribunal de commerce de grenoble;1
søborg;1
kantons genf;1
danish commercial register;1
 gütersloh;1
andover;1
 solingen;1
odenthal;1
asperg;1
slopne;1
ingoldingen;1
great cheverell;1
 mühldorf a.inn;1
 bonn;1
wasserliesch;1
division corporations (department state delaware);1
gusow-platkow;1
weisendorf;1
commercial register the delaware secretary;1
marktschellenberg;1
biebertal;1
 unterneukirchen;1
oberthulba;1
herxheim-hayna;1
wörthsee;1
préverenges;1
woodbridge, on, ll l;1
storkower straße ,  berlin;1
schlesierstraße ,  marsberg;1
 pentling;1
heinrichstraße ,  braunschweig;1
zella-mehlis;1
epfendorf;1
hassel, luxemburg;1
gesellschaftsregister von litauen;1
landau (pfalz);1
von madrid;1
stadt huanggang;1
dubai multi commodities centre;1
 birkenau;1
tonbrigde, kent (england);1
eine kapitalgesellschaft nach dem recht des staates delaware,  s. dupont highway, city of dover, county of kent, de , usa;1
zaporihya;1
frankfurt straße ,  würzburg;1
norderstraße a,  wallsbüll;1
rahlstedt;1
 limburg;1
 dresden, am roßthaler bach ;1
 unterwellen-born ot birkigt;1
trofaiach;1
lwiw;1
 offenbach;1
schöngeising;1
waldstr.  e,  germering;1
fraubronnstraße ,  stuttgart;1
tröstau;1
schönheide;1
 meppen;1
