startup_location;count
Berlin;2357
München;824
Hamburg;757
Köln;318
Düsseldorf;248
Frankfurt am Main;241
Stuttgart;184
Karlsruhe;126
Dresden;126
Aachen;104
Hannover;103
Leipzig;95
Mannheim;78
Nürnberg;76
Potsdam;71
Münster;67
Darmstadt;64
Bremen;64
Heidelberg;63
Bonn;62
Dortmund;55
Freiburg im Breisgau;55
Mainz;50
Essen;50
Bochum;45
Kiel;42
Augsburg;40
Grünwald;39
Saarbrücken;35
Bielefeld;34
Braunschweig;33
Jena;33
Wiesbaden;33
Regensburg;31
Paderborn;31
Würzburg;30
Ulm;27
Chemnitz;27
Wuppertal;27
Magdeburg;27
Göttingen;26
Erlangen;26
Fürth;24
Konstanz;23
Osnabrück;22
Rostock;21
Tübingen;19
Oldenburg;19
Krefeld;18
Bad Homburg v. d. Höhe;17
Planegg;17
Gräfelfing;17
Ludwigsburg;17
Halle (Saale);17
Mönchengladbach;17
Lübeck;16
Ingolstadt;16
Kaiserslautern;15
Siegen;15
Garching b.München;15
Gilching;14
Offenburg;14
Mülheim an der Ruhr;13
Bergisch Gladbach;13
Koblenz;13
Duisburg;13
Solingen;13
Ismaning;13
Gießen;13
Taufkirchen;12
Unterföhring;12
Monheim am Rhein;12
Trier;12
Heilbronn;12
Leverkusen;12
Ratingen;12
Langenfeld;12
Cottbus;12
Meerbusch;11
Erfurt;11
Ettlingen;11
Kassel;11
Kempten (Allgäu);11
Ilmenau;10
Leinfelden-Echterdingen;10
Germering;10
Rosenheim;10
Aalen;9
Reutlingen;9
Offenbach am Main;9
Bruchsal;9
Freising;9
Wildau;9
Flensburg;9
Eschborn;9
Bayreuth;9
Willich;9
Unterhaching;8
Starnberg;8
Kronberg im Taunus;8
Esslingen am Neckar;8
Neuss;8
Hildesheim;8
Aschaffenburg;8
Herzogenrath;8
Ostfildern;8
Bocholt;8
Fulda;8
Hilden;7
Lüneburg;7
Herrsching a.Ammersee;7
Bad Soden am Taunus;7
Böblingen;7
Norderstedt;7
Recklinghausen;7
Pforzheim;7
Teltow;7
Herford;7
Freiberg;7
Greifswald;6
Kirchheim unter Teck;6
Pullach i.Isartal;6
Bamberg;6
Kempen;6
Isernhagen;6
Leonberg;6
Baden-Baden;6
Neu-Ulm;6
Hamm;6
Haar;6
Falkensee;6
Holzkirchen;6
Großostheim;6
Deggendorf;6
Hürth;6
Schönefeld;6
Kleinmachnow;6
Dachau;6
Wesel;5
Walldorf;5
Kulmbach;5
Düren;5
Bensheim;5
Iserlohn;5
Pulheim;5
Inning a.Ammersee;5
Erkrath;5
Amberg;5
Lohmar;5
Radebeul;5
Witten;5
Schwerin;5
Homburg;5
Minden;5
Berg;5
Villingen-Schwenningen;5
Königstein im Taunus;5
Gütersloh;5
Hof;5
Sindelfingen;5
Gelsenkirchen;5
Bad Vilbel;5
Wolfratshausen;5
Hennigsdorf;5
Neu-Isenburg;5
Mettmann;5
Alzenau;5
Weßling;5
Oberhausen;5
Troisdorf;5
Worms;5
Herrenberg;5
Haltern am See;5
Siegburg;5
Poing;5
Bad Honnef;5
Weiden i.d.OPf;5
Idstein;5
Arnsberg;5
St. Wendel;5
Tettnang;5
Straßlach-Dingharting;4
Lippstadt;4
Horb am Neckar;4
Großwallstadt;4
Oberhaching;4
Frechen;4
Friedrichshafen;4
Schwäbisch Gmünd;4
Pöcking;4
Bergheim;4
Hann. Münden;4
Coburg;4
Wedel;4
Weil der Stadt;4
Brühl;4
Leingarten;4
Castrop-Rauxel;4
Dieburg;4
Singen Hohentwiel;4
Groß-Umstadt;4
Putzbrunn;4
Marburg;4
Hagenbach;4
Oranienburg;4
Sauerlach;4
Kelheim;4
Lorch;4
Neuried;4
Königswinter;4
Hofheim am Taunus;4
Rösrath;4
Leer;4
Sankt Augustin;4
Gröbenzell;4
Olching;4
Straubing;4
Roetgen;4
Nordhorn;4
Weiterstadt;4
Schweinfurt;4
Trebbin;4
Zossen;4
Altenberge;4
Langenhagen;4
Neubiberg;4
Rheinfelden Baden;4
Ludwigshafen am Rhein;4
Nürtingen;4
Garbsen;4
Planegg-Martinsried;4
Kirchheim b.München;4
Hameln;4
Baierbrunn;4
Lüdenscheid;4
Kleve;4
Landsberg am Lech;4
Ludwigshafen;4
Grasbrunn;4
Fellbach;4
Eberswalde;4
Weimar;4
Leutenbach;3
Zirndorf;3
Plauen;3
Dossenheim;3
Kelkheim (Taunus);3
Würselen;3
Blankenfelde-Mahlow;3
Unna;3
Straelen;3
Ravensburg;3
Haan;3
Bruckmühl;3
Landau in der Pfalz;3
Moers;3
Neunkirchen;3
Emsdetten;3
Wittlich;3
Reinbek;3
Langen (Hessen);3
Siegsdorf;3
Heppenheim;3
Raubling;3
Erftstadt;3
Brilon;3
Bad Rappenau;3
Stephanskirchen;3
Buchholz in der Nordheide;3
Pirna;3
Walsrode;3
Unterschleißheim;3
Dietzenbach;3
Weinheim;3
Gummersbach;3
Passau;3
Lingen (Ems);3
Schwäbisch Hall;3
Velbert;3
Hainburg;3
Eggenstein-Leopoldshafen;3
Schriesheim;3
Rodgau;3
Oberursel (Taunus);3
Ottobrunn;3
Wermelskirchen;3
Gelnhausen;3
Ganderkesee;3
Mainz-Kastel;3
Balingen;3
Olpe;3
Waghäusel;3
Ludwigsfelde;3
Crailsheim;3
Denkendorf;3
Schloß Holte-Stukenbrock;3
Rüsselsheim;3
Neustadt an der Weinstraße;3
Ingelheim am Rhein;3
Bad Kreuznach;3
Bremerhaven;3
Tutzing;3
Gauting;3
Vreden;3
Wolfenbüttel;3
Wismar;3
Valley;3
Dorsten;3
Schwandorf;3
Rheine;3
Neufahrn b.Freising;3
Sandhausen;3
Waldkirchen;3
Ehingen Donau;3
Buxtehude;3
Korschenbroich;3
Herzogenaurach;3
Brandenburg an der Havel;3
Ibbenbüren;3
Hohenbrunn;3
Kriftel;3
Zwickau;3
Albstadt;3
Burghausen;3
Göppingen;3
Gera;3
Neustadt;3
Weinsberg;3
Rastatt;3
Schmallenberg;3
Bad Salzuflen;3
Geretsried;3
Friedberg;3
Butzbach;3
Kabelsketal OT Dölbau;3
Bad Tölz;3
Bad Hersfeld;3
Landshut;3
Pfinztal;3
Friedrichsdorf;3
Sendenhorst;3
Büren;3
Overath;3
Neuenburg am Rhein;3
Gmund a.Tegernsee;3
Ammerbuch;3
Pfungstadt;3
Bernau bei Berlin;2
Bernau a.Chiemsee;2
Espelkamp;2
Hanau;2
Limbach-Oberfrohna;2
Gronau;2
Karlsbad;2
Wegberg;2
Bruchköbel;2
Denzlingen;2
Simmelsdorf;2
Gladbeck;2
Mörfelden-Walldorf;2
Gerlingen;2
Issum;2
Soest;2
Mainhausen;2
Wesseling;2
Kuppenheim;2
Erding;2
Backnang;2
Bad Oeynhausen;2
Kitzingen;2
Wülfrath;2
Heuchelheim;2
Grafing b.München;2
Jülich;2
Jesteburg;2
Saarburg;2
Werder (Havel);2
Baesweiler;2
Penzberg;2
Eberbach;2
Haibach;2
Überherrn;2
Seelze;2
Rutesheim;2
Menden;2
Pinneberg;2
Holzgerlingen;2
Achim;2
Lünen;2
Haldensleben;2
Eching;2
Marloffstein;2
Ammersbek;2
Bad Abbach;2
Bad Blankenburg;2
Neukirchen/Erzgeb;2
Flintbek;2
Bickenbach;2
Waldbronn;2
Lörrach;2
Schwetzingen;2
Höchstadt a.d.Aisch;2
Aschheim;2
Visselhövede;2
Bad Münstereifel;2
Klein-Winternheim;2
Frickenhausen;2
Garmisch-Partenkirchen;2
Mühlhausen;2
Furtwangen im Schwarzwald;2
Kamp-Lintfort;2
Freigericht;2
Gevelsberg;2
Herten;2
Glonn;2
Rain;2
Emden;2
Stutensee;2
Gescher;2
Schmalkalden;2
Gaimersheim;2
Glienicke/Nordbahn;2
Wangen im Allgäu;2
Vechta;2
Nahe;2
Ochtendung;2
Schwaig b. Nürnberg;2
Ahlen;2
Lindau (Bodensee);2
Dielheim;2
Schwarzenbruck;2
Mettenheim;2
Verl;2
Hambrücken;2
Ehningen;2
Speyer;2
Lahr;2
Eschwege;2
Kenzingen;2
Aurich;2
Lichtenau;2
Zorneding;2
Kümmersbruck;2
Büsum;2
Markkleeberg;2
Lich;2
Bovenden;2
Höhenkirchen-Siegertsbrunn;2
Kranenburg;2
Schönwalde-Glien;2
Rottendorf;2
Korntal-Münchingen;2
Garching;2
Wettenberg;2
Pliezhausen;2
Rellingen;2
Biberach an der Riß;2
Tegernsee;2
Stockach;2
Marbach am Neckar;2
Altdorf;2
Plankstadt;2
Bad Rothenfelde;2
Herne;2
Sachsenheim;2
Sulzfeld;2
Kiefersfelden;2
Hemmingen;2
Kirchheim b. München;2
Wenden;2
Feucht;2
Grünstadt;2
Dormagen;2
Cuxhaven;2
Schlier;2
Friedberg (Hessen);2
Salzgitter;2
Metzingen;2
Grassau;2
Lübs;2
Pocking;2
Spaichingen;2
Oberschleißheim;2
Kolbermoor;2
Emsbüren;2
Schöneck;2
Odenthal;2
Bad Schönborn;2
Kranzberg;2
Eichenau;2
Detmold;2
Schwarzenfeld;2
Bad Wiessee;2
Achstetten;2
Bad Nauheim;2
Euskirchen;2
Maintal;2
Mössingen;2
Zellingen;2
Bönningstedt;2
Bernau;2
Tegernheim;2
Altenstadt;2
Rödermark;2
Rheinzabern;2
Geestland;2
Bad Wörishofen;2
Bornheim;2
Aschau i.Chiemgau;2
Hörstel;2
Goch;2
Bad Wurzach;2
Türkheim;2
Radeberg;2
Lemgo;2
Waiblingen;2
Achern;2
Pullach i. Isartal;2
Krailling;2
Haimhausen;2
Reken;2
Telgte;2
Wendlingen am Neckar;2
Ratzeburg;2
Rohrdorf;2
Otterndorf;2
Ahrensburg;2
Bad Kissingen;2
Werne;2
Witzenhausen;2
Verden;2
Stadtlohn;2
Strausberg;2
Lichtenfels;2
Nittendorf;2
Wietmarschen;2
Illertissen;2
Bad Heilbrunn;2
Neubeuern;2
Kirchzarten;2
Eppstein;2
Handewitt;2
Harsefeld;2
Erkelenz;2
Fürstenfeldbruck;2
Marktoberdorf;2
Oelde;2
Frankfurt / Oder;2
Neuhausen auf den Fildern;2
Roßdorf;2
Bühl;2
Georgsmarienhütte;2
Stralsund;2
Rüdesheim am Rhein;2
Müllheim;2
Engelskirchen;2
Neuenstadt am Kocher;2
Tholey;2
Obersulm;2
Auetal;2
Hechingen;2
Enge-Sande;2
Empfingen;2
Ditzingen;2
Feldkirchen;2
Karlsdorf-Neuthard;2
Wernigerode;2
Filderstadt;2
Burgwedel;2
Roding;2
Neusäß;2
Korbach;2
Gauting-Stockdorf;2
Barleben;2
Wetzlar;2
Laatzen;2
Quakenbrück;2
Weinstadt;2
Olsberg;2
Hambühren;2
Schwelm;2
Überlingen;2
Henstedt-Ulzburg;2
Steinfurt;2
Engen;2
Taunusstein;2
Remscheid;2
Spremberg;2
Thuine;2
Neunkirchen-Seelscheid;2
Greiz;2
Mauer;2
Breisach am Rhein;2
Rückersdorf;2
Pirmasens;2
Dörpen;2
Haldenwang;2
Cham;2
Laupheim;2
Ennepetal;2
Garching b. München;1
Lam;1
Greifenberg;1
Eppishausen;1
Kappelrodeck;1
Langerringen;1
Burgwald;1
Bad Bellingen;1
Selfkant-Tüddern;1
Emmerich am Rhein;1
Schonach im Schwarzwald;1
Hausham;1
Xanten;1
Südliches Anhalt OT Gröbzig;1
Winhöring;1
Rielasingen-Worblingen;1
Haßfurt;1
Gaißach;1
Riethnordhausen;1
Kirchroth;1
Haag i.OB;1
Eberstadt;1
Ellhofen;1
Neuendettelsau;1
Meßkirch;1
Neunkirchen a. Sand;1
Tönisvorst;1
Gäufelden;1
Winterbach;1
Lilienthal;1
Hagen;1
Hohenmölsen;1
Crottendorf;1
Meckenbeuren;1
Schefflenz;1
Reinfeld (Holstein);1
Altlandsberg;1
Hoppstädten-Weiersbach;1
Buchholz;1
Stockelsdorf;1
Wiesloch;1
Borgholzhausen;1
Teisendorf;1
Hohenbrunn-Riemerling;1
Schaufling;1
Bad Lauterberg im Harz;1
Neumünster;1
Görlitz;1
Gotha;1
Wildberg;1
Königsfeld im Schwarzwald;1
Melle;1
Traunreut;1
Limburg-Eschhofen;1
Wohltorf;1
Bautzen;1
Schaafheim;1
Sankt Peter-Ording;1
Diepholz;1
Schönwald;1
Niederkirchen;1
Siek;1
Schwalbach am Taunus;1
Bergneustadt;1
Schramberg;1
Eggenfelden;1
Schonungen OT Hausen;1
Mengerskirchen;1
Osthofen;1
Scharbeutz;1
Ölbronn-Dürrn;1
Assamstadt;1
Radevormwald;1
Pfullingen;1
Ebersberg;1
Blomberg;1
Bad Kötzting;1
Lupburg;1
Ebersbach;1
Reichenbach an der Fils;1
Gammertingen;1
Bobenheim-Roxheim;1
Stauchitz/OT Panitz;1
Lütjensee;1
Immenstaad am Bodensee;1
Jersbek;1
Montabaur;1
Altötting;1
Flein;1
Wettstetten;1
Grafenrheinfeld;1
Bernried am Starnberger See;1
Cochem;1
Eurasburg;1
Aying;1
Seeshaupt;1
Üchtelhausen;1
Ketsch;1
Erzhausen;1
Deutsch Evern;1
Maxdorf;1
Gerstetten;1
Hagen im Bremischen;1
Wildeck-Bosserode;1
Niederfischbach;1
Kaltenkirchen;1
Hilchenbach;1
Nördlingen;1
Allensbach;1
Reinheim;1
Burrweiler;1
Jork;1
Möhrendorf;1
Deckenpfronn;1
63571 Gelnhauesn;1
Weidenstetten;1
Eltville am Rhein;1
Oppenheim;1
Anzing;1
Apfeldorf;1
Kapfelberg;1
Winterberg;1
Utting am Ammersee;1
Thurnau;1
Kirchheim;1
Halstenbek;1
Wörnitz;1
Osann-Monzel;1
Molzahn;1
Weingarten Baden;1
Gifhorn;1
Pleiskirchen;1
Nesselwang;1
Vechta-Spreda;1
Boksee;1
Aspach;1
Seligenstadt;1
Epfendorf;1
Schwaigern, OT Massenbach;1
Bad König;1
Bischofswiesen;1
Vaihingen an der Enz;1
Großschirma;1
Niederfell;1
Dornhan;1
Lennestadt;1
Asbach;1
Sailauf;1
Bad Doberan;1
Zeven;1
Versmold;1
Löhne;1
Korb;1
Borchen;1
Bad Waldsee;1
Karlsfeld;1
Freilassing;1
Kreuztal;1
Wiesbaum;1
Friedrichsthal;1
Wildeshausen;1
Hanstedt;1
Umkirch;1
Hardthausen am Kocher;1
Mering;1
Oppenweiler;1
Falkenberg/Elster;1
Dienheim;1
Berchtesgaden;1
Spelle;1
Burg;1
Kell am See;1
Raguhn-Jeßnitz OT Raguhn;1
St. Georgen im Schwarzwald;1
Elmshorn;1
Michendorf;1
Rottweil;1
Mainz-Kostheim;1
Bad Bramstedt;1
Wardenburg;1
Ayl;1
Trautskirchen;1
Grimma OT Großbardau;1
Hagen a.T.W;1
Hainewalde;1
Chieming;1
Ramsau b.Berchtesgaden;1
Flacht;1
Schweitenkirchen;1
Lingen;1
Sulzberg;1
Fürstenau;1
Jagstzell;1
Kösching;1
Wollbach;1
Obertshausen;1
Allershausen;1
Weil;1
Zetel;1
Sonthofen;1
Nienstädt;1
Oberstaufen;1
Renningen;1
Trebur-Astheim;1
Grefrath;1
Reute;1
Stockstadt am Rhein;1
Harrislee;1
Rüdersdorf bei Berlin OT Herzfelde;1
Schäftlarn;1
Haßloch;1
Berkheim;1
Burtenbach;1
Esens;1
Rümmingen;1
Wiesentheid;1
Kaarst;1
Meppen;1
Furth;1
Langballig;1
Grosselfingen;1
Biblis-Wattenheim;1
Markgröningen;1
Bad Münder;1
Hallbergmoos;1
Olfen;1
Beelitz;1
Sigmarszell;1
Werlte;1
Börnsen;1
Lohra;1
Eppelsheim;1
Großaitingen;1
Wilhelmsdorf;1
Dummerstorf OT Beselin;1
Berg b.Neumarkt i.d.OPf;1
Kressbronn am Bodensee;1
Föhren;1
Eichwalde;1
Bammental;1
Ehringshausen;1
Visbek;1
Kürten;1
Weißenbrunn;1
Kabelsketal;1
Gladenbach;1
Hirzenhain (Wetteraukreis;1
Andechs;1
Bad Wünnenberg;1
Heldenstein;1
Hirschberg;1
Egestorf (Nordheide);1
Adelshofen;1
Lauf a.d. Pegnitz;1
Tuttlingen;1
Gößnitz;1
Sprockhövel;1
Hockenheim;1
Taucha;1
Handrup;1
Stadtsteinach;1
Mühlenbecker Land OT Schönfließ;1
Oberammergau;1
Parkstein;1
Marzling;1
Irsch;1
Burgthann;1
Mogendorf;1
Riedenheim;1
Geldern;1
Stetten am kalten Markt;1
Weil im Schönbuch;1
Forchheim;1
Algermissen;1
Bretten;1
Miesbach;1
Zella-Mehlis;1
Kandern;1
Brieselang;1
Meinerzhagen;1
Stammham;1
Bad Fallingbostel;1
Dunningen;1
Bissendorf;1
Schwielowsee;1
Schmitten;1
Seevetal;1
Waldbüttelbrunn;1
Babenhausen;1
Twistetal;1
Höxter;1
Heidenheim an der Brenz;1
Linz;1
Holdorf;1
Ruhmannsfelden;1
Seelingstädt;1
Hilders;1
Schäftlarn-Hohenschäftlarn;1
Altenberg;1
Oberstdorf;1
Moosinning;1
Zinna;1
Hohwacht;1
Tittling;1
Gütenbach;1
Dörth;1
Westerstede;1
Nußloch;1
Saaldorf-Surheim;1
Everswinkel;1
Hahnbach;1
Rieden;1
Leimen;1
Planegg/OT Martinsried;1
Gieleroth;1
Inden;1
Attendorn;1
Nonnenhorn;1
Vaterstetten-Weißenfeld;1
Gernsheim;1
Ernsgaden;1
Erbach;1
Friesenheim;1
Rotenburg;1
Völklingen;1
Haslach im Kinzigtal;1
Seefeld;1
Geltendorf;1
Stendal;1
Dummerstorf OT Kavelstorf;1
Seeheim-Jugenheim;1
Sandersdorf-Brehna;1
Königsbrunn;1
Ahaus;1
Garching bei München;1
Uhldingen-Mühlhofen;1
Hattingen;1
Oberhaching-Furth;1
Mittenwalde;1
Weil am Rhein;1
Freudenstadt;1
Heek;1
Lehre;1
Peiting;1
Viersen;1
Bisingen;1
Runding;1
Oederquart;1
Valley-Oberlaindern;1
Nebelschütz;1
Bad Nenndorf;1
Wäschenbeuren;1
Puchheim;1
Amtsberg OT Wilischthal;1
Ilshofen;1
Löwenberger Land;1
Pleckhausen;1
Baiern-Antholing;1
Deggenhausertal;1
Neckartenzlingen;1
Timmendorfer Strand;1
Borstel-Hohenraden;1
Baar-Ebenhausen;1
Lalling;1
Trossingen;1
Greven;1
Hodenhagen;1
Donaueschingen;1
Wiehl;1
Sittensen;1
Kröv;1
Hessisch Oldendorf;1
Zeuthen;1
Warstein;1
Königshain-Wiederau OT Königshain;1
Dießen am Ammersee;1
Reinfeld;1
Dußlingen;1
Quedlinburg;1
Rosenfeld;1
Petersaurach;1
Wittlich-Wengerohr;1
Eschelbronn;1
Aiterhofen;1
Erwitte;1
Edewecht;1
Sprendlingen;1
Wendelsheim;1
Teunz;1
Zimmern ob Rottweil;1
Weißensberg;1
Alling;1
Thum OT Jahnsbach;1
Lauf a.d.Pegnitz;1
Schlitz;1
Badenweiler;1
Weihenzell;1
Rheinbach;1
Mandelbachtal;1
Vierkirchen;1
Oer-Erkenschwick;1
Buttenheim;1
Dornstadt;1
Wald;1
Treuchtlingen;1
Siblin;1
Schömberg;1
Scheyern;1
Ortenberg;1
Schwindegg;1
Waakirchen;1
Weilheim i.OB;1
Landesbergen;1
Pluwig;1
Meersburg;1
Biedenkopf;1
Thalheim/Erzgeb;1
Alsdorf;1
Stockdorf;1
Enger;1
Wurster Nordseeküste;1
Holm;1
Ahnatal;1
Zolling;1
Wölfersheim;1
Baunach;1
Bad Salzdetfurth;1
Bad Säckingen;1
Pollenfeld-Preith;1
Hennef;1
Straubenhardt;1
Birkenwerder;1
Porta Westfalica;1
Dreieich;1
Norheim;1
Hemau;1
Herrsching a. Ammersee;1
Aßling;1
Schermbeck;1
Steinheim an der Murr;1
Unterwellenborn OT Birkigt;1
Gomaringen;1
Limburgerhof;1
Mücke;1
Römerberg;1
Markdorf;1
Train;1
Schkeuditz;1
Belm;1
Mülsen;1
Bischheim;1
Gädheim;1
Hövelhof;1
Burgdorf;1
Oering;1
Neuenkirchen;1
Dorfprozelten;1
Schwarzenberg/Erzgeb;1
Panitz;1
Bad Wildbad;1
Werl;1
Kerpen;1
Rattenkirchen;1
Holzwickede;1
Argenbühl;1
Bad Schwartau;1
Schönebeck (Elbe);1
Röttenbach;1
Herdecke;1
Rott a.Inn;1
Schenefeld;1
Saarwellingen;1
Marl;1
Lahntal;1
Lorsch;1
Mayen;1
Buchholz i.d.N;1
Dohren;1
Wittenburg;1
Kehl;1
Pirna OT Sonnenstein;1
Elchesheim-Illingen;1
Reinsberg OT Hirschfeld;1
Murnau a.Staffelsee;1
Leopoldshöhe;1
Geesthacht;1
Magdala;1
Ötigheim;1
Finning;1
Hemhofen;1
Papendorf OT Niendorf;1
Dornstetten;1
Steinbach (Taunus);1
Goslar;1
Roßhaupten;1
Wüstenrot;1
Mudersbach;1
Perl-Nennig;1
Südliches Anhalt OT Hinsdorf;1
Nienwohld;1
Steinfeld-Mühlen;1
Kalchreuth;1
Schifferstadt;1
Salching;1
Wörrstadt;1
Hornberg;1
Erbendorf;1
Lutherstadt Eisleben;1
Münsingen;1
Cleebronn;1
Kayhude;1
Illingen;1
Loßburg;1
Seehausen a. Staffelsee;1
Falkenstein/Harz OT Ermsleben;1
Eppingen;1
Rötgesbüttel;1
Bad Pyrmont;1
Waldkraiburg;1
Hochheim am Main;1
Beimerstetten;1
Anklam;1
Hellenthal;1
Küsten;1
Ofterdingen;1
Wustermark;1
Scheden;1
Tellig;1
Wittnau;1
Schrobenhausen;1
Eilenburg;1
Großenwiehe;1
Warburg;1
Mundelsheim;1
Brechen;1
Pfarrkirchen;1
Gössitz;1
Neubrandenburg;1
Friedland;1
Schnaittach;1
Warngau;1
Altenbeken;1
Grafschaft-Lantershofen;1
Ascheberg;1
Meddewade;1
Ahrensfelde;1
Eschershausen;1
Baldham;1
Brunnthal;1
Lappersdorf;1
Wörth a.d.Donau;1
Osterhofen;1
Rohr;1
Ummendorf;1
Werdau;1
Niederbergkirchen;1
Wannweil;1
Plüderhausen;1
Kronshagen;1
Nieklitz;1
Einhausen;1
Geratal OT Geschwenda;1
Hersbruck;1
Grömitz;1
Varel;1
Trochtelfingen;1
Töging a.Inn;1
Groß-Zimmern;1
Griesheim;1
Damme;1
Thalmässing;1
Gommern;1
Nehmten;1
Barbing;1
Buchenbach;1
Weilheim an der Teck;1
Harxheim;1
Bingen;1
Nersingen;1
Warngau-Oberwarngau;1
Buchloe;1
Hückelhoven;1
Zweibrücken;1
Gau-Odernheim;1
Mittweida;1
Bad Neuenahr-Ahrweiler;1
Stolzenau;1
Marktredwitz;1
Laage;1
Bernburg (Saale);1
Kremmen OT Sommerfeld;1
Kränzlin;1
Schiffweiler;1
Weyarn;1
Steinhöring;1
Heimbach;1
Zschopau;1
Mühldorf a.Inn;1
Hausen ob Verena;1
Eckental;1
Nümbrecht;1
Bingen am Rhein;1
Leutkirch im Allgäu;1
Dettingen an der Erms;1
Faulbach;1
Mescherin;1
Coswig;1
Halver;1
Ainring;1
Steinberg;1
Bad Homburg;1
Celle;1
Großröhrsdorf;1
Egelsbach;1
Fraunberg;1
Waldems;1
Woltersdorf;1
Döbeln;1
Güstrow;1
Fischen i. Allgäu;1
Aichhalden;1
Hohen Neuendorf;1
Brackenheim;1
Wahlstedt;1
Ronnenberg;1
Wettringen;1
Bexbach;1
Donaustauf;1
Reußenköge;1
Bersteland OT Niewitz;1
Buttenwiesen;1
Osterrönfeld;1
Banzkow;1
Wittmar;1
Angern;1
Groß-Gerau;1
Schleswig;1
Petersberg;1
Bottrop;1
Hohenbrunn/ Riemerling;1
Rottenburg am Neckar;1
Waldachtal;1
Schmelz;1
Bad Orb;1
Datteln;1
Talheim;1
Bergkamen;1
Schopfheim;1
Volkertshausen;1
Oederan OT Breitenau;1
Tamm;1
Mitterteich;1
Nossen;1
Weitnau;1
Einbeck;1
Pockau-Lengefeld;1
Daun;1
Mühlheim;1
Glauchau;1
Gudensberg;1
Essenheim;1
Elz;1
Ponitz;1
Karlstein am Main;1
Fichtenau;1
Winnweiler;1
Wang;1
Friesenried;1
Geseke;1
Kemnath;1
Vöhringen;1
Waldenburg;1
Wartenberg;1
Hergensweiler;1
Blumberg;1
Stuhr;1
Bucha OT Schorba;1
Gottmadingen;1
Baiersbronn;1
Langenbach;1
Weinböhla;1
Pansdorf;1
Schleusingen;1
Treis-Karden;1
Grafrath;1
Simbach a. Inn;1
Gehrden;1
Dahlenburg;1
Hennickendorf b. Strausberg;1
Soltau;1
Wunstorf;1
Bad Oldesloe;1
Siefersheim;1
Wertingen;1
Heiligenberg;1
Feuchtwangen;1
Bad Mergentheim;1
Namborn-Roschberg;1
Oberkochen;1
Oberschneiding;1
Bietigheim;1
Gmund a.Tergernsee;1
Sande;1
Blaubeuren;1
Waldenbuch;1
Denkingen;1
Regenstauf;1
Hüttenberg;1
Oranienburg OT Zehlendorf;1
Wulften;1
Kernen im Remstal;1
Eslohe;1
Ochtrup;1
Unterpleichfeld;1
Gottenheim;1
Swisttal;1
Pleß;1
Schönenberg-Kübelberg;1
Wellheim-Konstein;1
Eppelheim;1
Walzbachtal;1
Volkach;1
Freital;1
Schwabach;1
Rödental;1
Andernach;1
Glinde;1
Dürrwangen;1
Wennigsen;1
Heideck;1
Kelberg;1
Vilshofen an der Donau;1
Aitrang;1
Saarbrücken-Jägersfreude;1
Allendorf (Lumda);1
Leichlingen;1
Schönau-Berzdorf;1
Schwebheim;1
Wolfsburg;1
Dachsbach;1
Frankenthal;1
Glücksburg;1
Neckargemünd;1
Dillingen a.d.Donau;1
Kirchhain;1
Lienen;1
Vogt;1
Ubstadt-Weiher;1
Dudenhofen;1
Freudental;1
Gärtringen;1
Marschacht;1
Calvörde;1
Riß;1
Schwalbach;1
Fischbachau-Greisbach;1
Nordstemmen;1
Wiesenbronn;1
Oerlinghausen;1
Hartenholm;1
Alt Tellin OT Siedenbüssow;1
Martinroda OT Angelroda;1
Kottgeisering;1
Todesfelde;1
Vettelschoß;1
Erfurt OT Waltersleben;1
Wunsiedel;1
Zeitlarn;1
Wörth am Rhein;1
Meitingen;1
Forst;1
Fischbach;1
Plattling;1
Pollenfeld;1
Höchberg;1
Kißlegg;1
Stein;1
Mönsheim;1
Ahlden;1
Trebur;1
Niddatal;1
Uttenreuth;1
Bergkirchen;1
Oedheim;1
Oberdischingen;1
Pfaffenhofen a. d. Ilm;1
Schwabhausen;1
Cottbus OT Kiekebusch;1
Nordhalben;1
Schwerte;1
Vallendar;1
Leck;1
Meiningen;1
Salem;1
Kirchlinteln;1
Ebhausen;1
Margetshöchheim;1
Blaustein;1
Dischingen;1
Bendorf;1
Lützen;1
Danndorf;1
Baiern;1
Ruppichteroth;1
Langenzenn;1
Salzhausen;1
Emmelshausen;1
Pfeffelbach;1
Hetzles;1
Oststeinbek;1
Kuddewörde;1
Georgensgmünd;1
Wolfertschwenden;1
Mertingen;1
Füssen;1
Strullendorf;1
Liederbach;1
Kirchseeon;1
St. Michaelisdonn;1
Burgoberbach;1
Michelstadt;1
Reichenau;1
Bad Endorf;1
Alfeld (Leine);1
Freiberg am Neckar;1
Erlenbach;1
Oberkrämer;1
Elsfleth;1
Wilhelmsfeld;1
Erkner;1
Oberboihingen;1
Traunstein;1
Hitzacker;1
Ginsheim-Gustavsburg;1
Fürstenwalde/Spree;1
Hepberg;1
Moritzburg OT Boxdorf;1
Oberschwarzach;1
Mutterstadt;1
Creglingen;1
Rentweinsdorf;1
Wittstock/Dosse GT Randow;1
Hohenpeißenberg;1
Stemwede;1
Giengen an der Brenz;1
Schwanstetten;1
Flörsheim-Dalsheim;1
Merseburg;1
Münsing;1
Woldegk;1
Wingerode;1
Steyerberg;1
Gaggenau;1
Ehekirchen;1
Haren (Ems);1
Ruppertshofen;1
Mudau;1
Unkel;1
Aue;1
Eisenach;1
Schwielowsee OT Caputh;1
Stegen;1
Dinslaken;1
Sassenberg;1
Sulzbach an der Murr;1
Kelsterbach;1
Uhingen;1
Lutherstadt Wittenberg OT Straach;1
Wilnsdorf;1
Osterhever;1
Tapfheim;1
Heide;1
Wald-Michelbach;1
Rinteln;1
Tiefenbronn;1
Bordersby OT Schönhagen;1
Neresheim;1
Burgstetten;1
Nuthe-Urstromtal;1
Hattersheim am Main;1
Mainleus;1
Tirschenreuth;1
Reilingen;1
Senftenberg OT Peickwitz;1
Hebertshausen;1
Itzehoe;1
Blankenheim;1
Durbach;1
Schöneiche bei Berlin;1
Hochspeyer;1
Schorndorf;1
Weingarten;1
Volxheim;1
Neu Wulmstorf;1
Birkenfeld;1
Delbrück;1
Wittstock/Dosse;1
Schechen;1
Calw;1
Allendorf (Eder);1
Löningen;1
Gattendorf;1
Gundelfingen;1
Ebringen;1
Lübbecke;1
Kirchlengern;1
Neckarsulm;1
Bischofsheim;1
Garrel;1
Waltrop;1
Königs Wusterhausen;1
Düssseldorf;1
Wernau Neckar;1
Oestrich-Winkel;1
Grünhain-Beierfeld OT Beierfeld;1
Kappeln;1
Gunzenhausen;1
Mechow;1
Velburg;1
Duderstadt;1
Lehrte;1
Cölbe;1
Sehestedt;1
Icking;1
Neuhausen;1
Ottenhöfen im Schwarzwald;1
Parsberg / OPf;1
Nieder-Olm;1
Grevenbroich;1
Rastede;1
Langstedt;1
Runkel-Dehrn;1
Heddesheim;1
Bibertal;1
Donauwörth;1
Brachttal;1
Bad Berneck;1
Großkarolinenfeld;1
Buckow (Märkische Schweiz);1
Bad Tennstedt;1
Groß Schwülper;1
Parthenstein;1
Immenhausen;1
Nidderau;1
Alsheim;1
Havixbeck;1
Velten;1
Glienicke /Nordbahn;1
Bitterfeld-Wolfen;1
Altshausen;1
Thür;1
Bodenwöhr;1
Schliersee;1
Penzing;1
Rosengarten;1
Pressath;1
Laboe;1
Großrinderfeld;1
Otter;1
Groß Lindow;1
Langenargen;1
Neumarkt i.d.OPf;1
Rhens;1
Nienburg (Weser);1
Pfaffenhofen an der Ilm;1
Oberhausen-Rheinhausen;1
Marsberg;1
Östringen;1
Elmenhorst;1
Hessisch Lichtenau;1
Vaterstetten;1
St. Ingbert;1
Hünfelden;1
Röthenbach a.d.Pegnitz;1
Wassenberg;1
Heiden;1
Hatten;1
Rheda-Wiedenbrück;1
Elbtal-Hangenmeilingen;1
Schwedt/Oder;1
Lichtentanne;1
Hohenstein-Ernstthal;1
Hankensbüttel;1
Maselheim;1
Mühlenfließ;1
Amelinghausen;1
Wachtendonk;1
Röthlein;1
Neunburg vorm Wald;1
Bargteheide;1