startup_id;startup_name;startup_website;
10856;Cosuno Ventures GmbH;https://www.cosuno.de/;active
10146;Material24 GmbH;https://www.materialrest24.de/;active
7765;Aeditive GmbH;https://www.aeditive.de/;active
5542;blonder GmbH;http://blonder.de/;pivot
3900;Guardian Technologies GmbH;https://guardian-technologies.com/;closed
12162;Roobeo GmbH;https://www.roobeo.com/;active
678;myterial GmbH;http://myterial.de/;active
11561;Sharemac GmbH;https://www.sharemac.de/;active
7788;CLT Creative Learning Technologies GmbH;https://www.foldio.tech/;active
7642;LIFT for future GmbH;https://www.liftforfuture.com/;closed
1429;Themis Digital GmbH;https://www.themis.eu/;closed
3021;Edurino GmbH;https://edurino.com/;active
16984;StudySmarter UG (haftungsbeschränkt);https://www.studysmarter.de/;active
6534;Better Basics Laborbedarf GmbH;http://better-basics-laborbedarf.de/;active
318;Brain4Media GmbH;https://berufvr.com/impressum/;active
6303;Gaiali GmbH;https://gaiali.com/;active
3503;Tomorrows Education GmbH;https://www.tomorrows.education/;active
13132;cabuu GmbH;https://www.cabuu.app;active
3894;Trana GmbH;https://trana.co/;closed
13063;StackFuel GmbH;https://stackfuel.com/de/;active
5704;BCTSL & Services GmbH;https://bctsl.de/;active
9393;Immutable Insight GmbH;https://www.blockchainfonds.com/;active
11385;Cyberian Mine GmbH;https://cyberianmine.de;active
10111;coindex GmbH;https://www.coindex.de/;closed
9577;Blocksize Capital GmbH;http://blocksize-capital.com;active
7313;BlueLotus.AI GmbH;https://www.bluelotus.ai/;active
14860;Pastalab UG (haftungsbeschränkt);https://pastalab.de/;active
8682;theBlue.ai GmbH;https://theblue.ai/;active
13893;MVPF Technologies GmbH;https://mvpfactory.co;active
13485;Digital Apartment GmbH;https://www.digitalapartment.de/;active
5735;Studicon GmbH;https://studicon.consulting/;active
7170;TechMiners GmbH;https://www.techminers.org/;active
5958;1648 Factory GmbH;https://1648factory.com/;active
3864;nFRONTIER GmbH;https://nfrontier.de/;active
5034;handly GmbH;https://handly.app/;active
2737;GA. Digital GmbH;https://ga-universe.com/;active
5247;embrace Technologies GmbH;http://embrace-technologies.de/;active
2707;CUDA GmbH;;active
9127;VISARIGHT GmbH;https://visaright.eu/;active
7984;Power I.D. GmbH;https://www.powerid.de/;active
8110;DayPepper GmbH;https://daypepper.com;closed
4660;Vertrical GmbH;https://vertrical.com/;active
3079;IIoT Use Case GmbH;https://www.iotusecase.com/;active
10266;voiio GmbH;https://voiio.de/;active
6401;Brance GmbH;https://brnc.io/;active
5026;Sunvigo GmbH;https://www.sunvigo.de/;active
10498;AUXOLAR GmbH;https://www.auxolar.de/;active
3806;Theion GmbH;https://www.theion.de/;active
3651;Stoff2 GmbH;http://stoff2.com/;active
13319;Eigensonne GmbH;https://www.eigensonne.de;active
13840;water stuff & sun GmbH;https://www.waterstuffandsun.com/;active
7709;Marvel Fusion GmbH;https://www.marvelfusion.io/;
12533;SCIO Technology GmbH;https://www.scio-technology.com/;
1899;LEX AI GmbH;https://www.lexai.co/;
8799;TraFinScout GmbH;https://trafinscout.com;
10723;Finbc GmbH;https://www.finbc.io/;
9594;Horeca Digital System GmbH;https://ernas.clvr-clvb.de;
177;DeFining Capital GmbH;;
6211;pockid GmbH;https://www.pockid.de/;
13092;Tomorrow GmbH;https://www.tomorrow.one/;
4440;Forget X GmbH;https://forget.finance/;
1588;TRADANTS GmbH;https://tradants.com/;
13183;Artellium GmbH;https://www.artellium.ai/;
10493;JT Technologies GmbH;https://www.justtrade.com/;
12454;4less GmbH;https://www.forex4less.com/;
964;Angelize Program GmbH;https://www.angelize.berlin/;
16196;srsfintech UG (haftungsbeschränkt);http://steuergott.com/;
13971;INSTICUBE GmbH;https://insticube.com/;
12380;INPERA GmbH;https://www.inpera.net/;
1621;Fabit GmbH;https://fabit.app/;
8372;TRAXPAY GmbH;https://www.traxpay.com/;
3977;Delightful Finance GmbH;https://www.heyfina.com/;
9141;pay33 direct GmbH;https://www.pay33direct.de/;
3548;Payforce GmbH;;
4972;Say Thank You GmbH;https://pay.tiptab.com/;
10155;Gründergeist GmbH;https://www.gruendergeist.com/;
7887;bridges+links GmbH;https://bridgeslinks.vc/;
11207;Predictive Financing GmbH;https://www.prefin.de/;
4707;kopplr GmbH;http://kopplr.com/;
1746;CoIQ GmbH;https://www.coiq.capital/;
10796;FLEXVELOP GmbH;https://www.flexvelop.com/;
7330;waydear GmbH;https://www.waydear.com;
4901;Banxware GmbH;https://www.banxware.com/;
11592;SPREE Interactive GmbH;https://jointhespree.com/;
12669;CapLab GmbH;https://bcon.zone/;
12134;BoomByte Games GmbH;https://www.boombytegames.com/;
2703;Mixups! GmbH;;
13754;G Esports Holding GmbH;https://www.g2esports.com/;
11805;mHERO GmbH;https://www.mhero.de;
12482;Veritas Entertainment GmbH;https://veritas-entertainment.gg/;
8996;Donut Technologies GmbH;https://www.trydonut.com/;
12511;Ward App GmbH;;
11384;Compositas GmbH;https://www.yarps.net;
480;GamerGrid GmbH;;
6249;Global Esports Entertainment GmbH;https://app.gaming-stars.net/;
7284;fivefingergames GmbH;https://fivefingergames.com/;
4236;GUCO GmbH;https://gucobon.de/;
8662;Xolo GmbH;https://www.xolo3d.com;
4936;SURFTOWN Hallbergmoos GmbH;https://surftown.de/;
7086;traplinked GmbH;https://www.traplinked.com/;
1983;SpiNNcloud Systems GmbH;http://spinncloud.com/;
9455;Cinetica GmbH;http://cinetica.solutions;
328;Massive Beams GmbH;http://massivebeams.com/;
13496;MOD Devices GmbH;https://www.moddevices.com/;
12740;SEON Holding GmbH;https://www.seon.co.za/;
5089;eleQtron GmbH;https://www.eleqtron.com;
8471;Lumoview Building Analytics GmbH;http://www.lumoview.com/;
4237;ImMa Solutions GmbH;https://habitalix.de/;
7577;Pariot Smart Home GmbH;https://www.pariot.de/;
854;Crimson GmbH;https://www.topi.eu;
11549;St. Oberholz GmbH;https://sanktoberholz.de/;
7792;offmade GmbH;https://www.offmade.io;
4392;ECO₂NOMY GmbH;https://www.eco2nomy.de/;
11524;plan4 Software GmbH;https://plan4software.de;
7878;numa group GmbH;https://www.cosi-group.com/de;
11237;DABBEL - Automation Intelligence GmbH;https://www.dabbel.eu/;
10612;Alasco GmbH;https://www.alasco.de/;
10627;Lendis GmbH;https://www.lendis.io;
7854;RIDE GmbH;https://ride.capital/;
4773;tokenstreet GmbH;https://tokenstreet.tech/;
13979;cioplenu GmbH;https://cioplenu.com/;
7072;KT Karlsruhe Technologies GmbH;;
12022;Luminovo GmbH;https://luminovo.ai/;
2204;Makula Technology GmbH;;
4788;REK Innovation GmbH;http://rek-innovation.de/;
11854;Stampack GmbH;https://www.stampack.com;
12845;Uniberry GmbH;https://comydo.com/;
9722;Additive Space GmbH;https://www.additive-space.com/;
13245;fruitcore robotics GmbH;https://fruitcore-robotics.com;
9592;HAT.tec GmbH;https://www.hattec.de;
4174;CampusGenius GmbH;https://campusgenius.com/;
3434;KUNO GmbH;https://www.kuno.io/;
10515;up2parts GmbH;https://www.up2parts.com/;
7020;Deutschdata Karamat und Ziesche GmbH;https://fotonow.ai/;
13089;memetis GmbH;https://www.memetis.com/;
9793;OroraTech GmbH;https://www.ororatech.com/;
13864;Hyperganic Group GmbH;https://www.hyperganic.com/;
4544;Instawerk GmbH;https://instawerk.de/;
1433;Fygen Operations GmbH;https://www.fygen.com/;
8956;Handwerk Connected GmbH;https://handwerkconnected.de;
11962;SI Stuttgart Instruments GmbH;https://www.s-instruments.de;
2930;Goldn GmbH;https://goldn.com/;
166;CERTAIN GmbH;;
10067;Odilia GmbH;https://odilia.io;
5449;embedded ocean GmbH;https://www.emocean.io/;
14477;NaPaGen UG (haftungsbeschränkt);http://napagen.de/;
13445;German Bionic Systems GmbH;https://www.germanbionic.com;
3386;mipart GmbH;https://mipart.com;
12021;HUNIC GmbH;https://hunic.com/;
7632;DeepEyes GmbH;https://www.deepeyes.co/;
13347;Lift Technology GmbH;https://www.hundt-consult.de/;
8771;Timber Base GmbH;https://timberbase.com/;
10392;dive solutions GmbH;https://dive-sph.de/de/;
12702;Futuro Farming GmbH;https://futurofarming.com;
4294;Carbon Farmed Solutions GmbH;https://carbonfarmed.com/;
5529;mbiomics GmbH;https://www.mbiomics.com/;
6753;Orbem GmbH;https://orbem.ai/;
5180;EntoSus GmbH;https://www.entosus.de/;
12810;Pets Deli Tonius GmbH;https://www.petsdeli.de/;
4351;Farmerscent GmbH;https://www.farmerscent.com/;
11020;agriBORA GmbH;http://agribora.com;
10055;NEULAND Agronomics GmbH;https://neuland-tech.com;
10773;CLT Carbon Loop Technologies GmbH;https://www.carbonlooptechnologies.com;
10955;stenon GmbH;https://stenon.io/;
1705;Farmer.Digital GmbH;http://farmer.digital/;
8923;Superfood Factory GmbH;https://www.drinksuper.de/;
2043;TIOLI GmbH;https://www.tioli-app.com/;
12801;Tribeca Ice Cream GmbH;https://www.tribecaicecream.com/;
1969;WTFood GmbH;;
966;Blue Planet Food GmbH;;
3905;Mooneh GmbH;https://www.mooneh.de/;
7247;EP Food GmbH;https://www.eatplants.de/;
13105;Pro Delight Food GmbH;https://pro-delight.com;
7731;Spirits of Gamundia GmbH;http://spirits-of-gamundia.de/;
509;Hinterland GmbH;https://www.hinter-land.com;
10306;Spoontainable GmbH;https://spoontainable.com/;
10892;supernutural GmbH;https://supernutural.com;
13450;Willhelm Technologies GmbH;https://www.willhelmgrill.com;
8946;future demand GmbH;https://www.future-demand.com;
12429;Nährstoff-Reich GmbH;https://naehrstoff-reich.de/;
13293;ELAN PET Products GmbH;http://elan-pet.de/;
15790;Promateur UG (haftungsbeschränkt);https://promateur.de/;
5779;HOLY Drinks GmbH;https://holy-drinks.com;
5197;Mazu Group GmbH;https://mazuhardseltzer.com/;
8550;FoodBusiness.Digital GmbH;http://foodbusiness.digital/;
4128;minum GmbH;;
8416;Mintanine GmbH;https://www.mintanine.com/;
728;Gaudy Foods GmbH;;
3205;Grovy Tech GmbH;https://grovy.store/;
16685;Daily Endurance UG (haftungsbeschränkt);https://www.daily-endurance.com/;
11407;air up group GmbH;https://www.air-up.com/;
4251;PFABO GmbH;https://pfabo.de/;
13969;foodji marketplace GmbH;https://www.foodji.com/;
5237;Good Candy GmbH;https://www.kidslovechocy.com;
13621;wealthpilot GmbH;https://wealthpilot.com/de;
2749;Frida & Fritz GmbH;http://www.frida-fritz.com/;
10664;Iconic Drinks GmbH;https://www.bluefarm.co/;
5896;hier foods GmbH;https://www.hier.in/;
3114;BIOBALANCE GmbH;https://biobalance.one/;
15372;Organic Food Studio UG (haftungsbeschränkt);http://www.organicfoodstudio.de/;
15344;Avaa Verjus UG (haftungsbeschränkt);http://avaaverjus.com/;
9679;Goodvenience.bio GmbH;https://www.j-kinski.de/;
8745;FlowLogiX GmbH;https://www.flowlogix.de;
5415;Secompanion GmbH;https://www.secompanion.de/;
13905;Lieferlotse GmbH;https://lieferlotse.de;
9984;Digital Logistics GmbH;https://warehousing1.com/;
7481;everstox GmbH;https://everstox.com/;
6553;Trisor GmbH;https://www.trisor.de/;
5292;Hive Technologies GmbH;https://www.hive.app/;
13402;lifespin GmbH;http://www.lifespin.de/;
8018;Sparrow Networks GmbH;https://de.sparrow.parts;
5887;mix&match GmbH;https://getcheex.com/;
4411;Lhotse Technologies GmbH;https://www.lhotse.de;
7763;Studio Bummens GmbH;https://studio-bummens.de/;
1049;Quicku GmbH;http://quicku.de/;
4398;Syncreality GmbH;http://syncreality.com/;
16580;NOYS VR UG (haftungsbeschränkt);https://www.noysvr.com/;
12573;ARTMO GmbH;https://artmo.com/;
3978;Digital Blast GmbH;https://streamblast.com/;
73;WD Visuals GmbH;http://widu.co/;
6625;Pendect GmbH;https://pendect.com/;
251;Social Moms GmbH;https://www.mother-now.de/;
13749;Free Spirit GmbH;https://www.skadi.berlin/;
6989;Julep Media GmbH;https://www.julep.de/;
1456;biddz GmbH;http://biddz.de/;
6395;Startup Insider GmbH;https://inside.startup-insider.com/;
;"{""Vor- und Nachname des Gesellschafters, Geburts- datum, Wohnort bzw. Firma, Registernummer u. Amtsgericht, Sitz"":{""0"":""Rocking Europe Ventures GmbH AG Charlottenburg, HRB 135672 B Berlin"",""1"":""Apeiron Investment Group Ltd. Malta Business Registry Company C51483 Sliema, Malta"",""2"":null,""3"":""Xtopus UG (haftungs beschr\u00e4nkt) AG Frankfurt am Main, HRB 238322 Hofheim am Taunus"",""4"":""Vor- und Nachname des Gesellschafters, Geburts- datum, Wohnort bzw. Firma, Registernummer u. Amtsgericht, Sitz"",""5"":""Florian Heinemann Beratung & Beteiligung GmbH AG Charlottenburg, HRB 137588 B Berlin"",""6"":null,""7"":""Florian Langenscheidt geb. am 3. Juli 1955 Berlin"",""8"":""apploft GmbH AG Hamburg, HRB 116012 Hamburg"",""9"":null,""10"":""Finvia Invest GmbH AG Frankfurt am Main, HRB 120082 Frankfurt am Main"",""11"":null,""12"":""Ramp106 GmbH AG Hamburg, HRB 113109 Hamburg"",""13"":null,""14"":""Vor- und Nachname des Gesellschafters, Geburts- datum, Wohnort bzw. Firma, Registernummer u. Amtsgericht, Sitz"",""15"":""Brunner Verm\u00f6gensverwaltung GmbH AGM\u00fcnchen, HRB 218796 Pullach i. Isartal"",""16"":null,""17"":""Bonow Ventures UG (haftungs beschr\u00e4nkt) AG Charlottenburg, HRB 196668 B Berlin"",""18"":null,""19"":""Esermon Industries UG (haftungs beschr\u00e4nkt) AG Hamburg, HRB 117117 Hamburg"",""20"":null,""21"":""north-up GmbH AG Charlottenburg, HRB 129845 B Berlin"",""22"":null,""23"":""CHEPSTOW CAPITAL GmbH AGEssen, HRB 27212 Essen"",""24"":null,""25"":""Vor- und Nachname des Gesellschafters, Geburts- datum, Wohnort bzw. Firma, Registernummer u. Amtsgericht, Sitz"",""26"":""Nexus Investments GmbH AG Charlottenburg, HRB 173275 B Berlin"",""27"":null,""28"":""Monrepos Advisers GmbH AG Stuttgart, HRB 776128 Stuttgart"",""29"":null,""30"":""HiddenMarkets UG (haftungs beschr\u00e4nkt) AG Stralsund, HRB 7854 Greifs wald"",""31"":null,""32"":""Stefan Ruhling Capital GmbH AG W\u00fcrzburg, HRB 14665 W\u00fcrzburg"",""33"":null,""34"":""MVPF Technologies GmbH AG Charlottenburg, HRB 183696 B Berlin"",""35"":null,""36"":""Vor- und Nachname des Gesellschafters, Geburts- datum, Wohnort bzw. Firma, Registernummer u. Amtsgericht, Sitz"",""37"":""Carelli Capital GmbH AG M\u00fcnchen, HRB 262605 M\u00fcnchen"",""38"":null,""39"":""JALE Beteiligungs GmbH AG M\u00fcnchen, HRB 190172 Gr\u00e4felfing"",""40"":null,""41"":""Fortyone Capital GmbH AG M\u00fcnchen, HRB 238322 M\u00fcnchen"",""42"":null,""43"":""Viva Forever GmbH AG Charlottenburg, HRB 96257 B Berlin"",""44"":""Florian Stein geb. am 25. April 1991 Berlin"",""45"":""B\u00f6rner Capital GmbH AG Charlottenburg, HRB 155863 B Berlin""},""lfd. Nummern"":{""0"":""1 - 15.207"",""1"":""15.208 - 15.333"",""2"":""28.649 - 29.178"",""3"":""15.334 - 15.465"",""4"":""lfd. Nummern"",""5"":""15.466 - 18.790 27.595 - 27.727"",""6"":""20.125 - 20.155"",""7"":""18.791 - 19.535"",""8"":""19.536 - 19.611"",""9"":""25.001 - 25.318"",""10"":""19.612 - 19.769"",""11"":""25.319 - 25.981"",""12"":""19.770 - 19.832"",""13"":""25.982 - 26.246"",""14"":""lfd. Nummern"",""15"":""19.833 - 19.895"",""16"":""26.247 - 26.511"",""17"":""19.896 - 19.946"",""18"":""26.512 - 26.723"",""19"":""19.947 - 19.984"",""20"":""26.724 - 26.882"",""21"":""19.985 - 20.014"",""22"":""26.883 - 27.007"",""23"":""20.015 - 20.044"",""24"":""27.133 - 27.257"",""25"":""lfd. Nummern"",""26"":""20.045 - 20.074"",""27"":""27.258 - 27.382"",""28"":""20.075 - 20.124"",""29"":""27.383 - 27.594"",""30"":""20.156 - 20.206"",""31"":""27.728 - 27.939"",""32"":""20.207 - 20.236"",""33"":""27.940 - 28.064"",""34"":""20.237 - 20.262"",""35"":""28.065 - 28.170"",""36"":""lfd. Nummern"",""37"":""20.263 - 20.313"",""38"":""28.171 - 28.382"",""39"":""20.314 - 20.344"",""40"":""28.383 - 28.515"",""41"":""20.345 - 20.375"",""42"":""28.516 - 28.648"",""43"":""20.376 - 24.125"",""44"":""24.126 - 25.000"",""45"":""27.008 - 27.132""},""Nennbetrag der Gesch\u00e4fts anteile"":{""0"":""je 1,00 \u20ac"",""1"":""je 1,00 \u20ac"",""2"":""je 1,00 \u20ac"",""3"":""je 1,00 \u20ac"",""4"":""Nennbetrag der Gesch\u00e4fts anteile"",""5"":""je 1,00 \u20ac"",""6"":""je 1,00 \u20ac"",""7"":""je 1,00 \u20ac"",""8"":""je 1,00 \u20ac"",""9"":""je 1,00 \u20ac"",""10"":""je 1,00 \u20ac"",""11"":""je 1,00 \u20ac"",""12"":""je 1,00 \u20ac"",""13"":""je 1,00 \u20ac"",""14"":""Nennbetrag der Gesch\u00e4fts anteile"",""15"":""je 1,00 \u20ac"",""16"":""je 1,00 \u20ac"",""17"":""je 1,00 \u20ac"",""18"":""je 1,00 \u20ac"",""19"":""je 1,00 \u20ac"",""20"":""je 1,00 \u20ac"",""21"":""je 1,00 \u20ac"",""22"":""je 1,00 \u20ac"",""23"":""je 1,00 \u20ac"",""24"":""je 1,00 \u20ac"",""25"":""Nennbetrag der Gesch\u00e4fts anteile"",""26"":""je 1,00 \u20ac"",""27"":""je 1,00 \u20ac"",""28"":""je 1,00 \u20ac"",""29"":""je 1,00 \u20ac"",""30"":""je 1,00 \u20ac"",""31"":""je 1,00 \u20ac"",""32"":""je 1,00 \u20ac"",""33"":""je 1,00 \u20ac"",""34"":""je 1,00 \u20ac"",""35"":""je 1,00 \u20ac"",""36"":""Nennbetrag der Gesch\u00e4fts anteile"",""37"":""je 1,00 \u20ac"",""38"":""je 1,00 \u20ac"",""39"":""je 1,00 \u20ac"",""40"":""je 1,00 \u20ac"",""41"":""je 1,00 \u20ac"",""42"":""je 1,00 \u20ac"",""43"":""je 1,00 \u20ac"",""44"":""je 1,00 \u20ac"",""45"":""je 1,00 \u20ac""},""prozentualer An- teil des Gesch\u00e4fts- anteiles am Stammkapital"":{""0"":""je 0,0034 %"",""1"":""je 0,0034 %"",""2"":""je 0,0034 %"",""3"":""je 0,0034 %"",""4"":""prozentualer An- teil des Gesch\u00e4fts- anteiles am Stammkapital"",""5"":""je 0,0034 %"",""6"":""je 0,0034 %"",""7"":""je 0,0034 %"",""8"":""je 0,0034 %"",""9"":""je 0,0034 %"",""10"":""je 0,0034 %"",""11"":""je 0,0034 %"",""12"":""je 0,0034 %"",""13"":""je 0,0034 %"",""14"":""prozentualer An- teil des Gesch\u00e4fts- anteiles am Stammkapital"",""15"":""je 0,0034 %"",""16"":""je 0,0034 %"",""17"":""je 0,0034 %"",""18"":""je 0,0034 %"",""19"":""je 0,0034 %"",""20"":""je 0,0034 %"",""21"":""je 0,0034 %"",""22"":""je 0,0034 %"",""23"":""je 0,0034 %"",""24"":""je 0,0034 %"",""25"":""prozentualer An- teil des Gesch\u00e4fts- anteiles am Stammkapital"",""26"":""je 0,0034 %"",""27"":""je 0,0034 %"",""28"":""je 0,0034 %"",""29"":""je 0,0034 %"",""30"":""je 0,0034 %"",""31"":""je 0,0034 %"",""32"":""je 0,0034 %"",""33"":""je 0,0034 %"",""34"":""je 0,0034 %"",""35"":""je 0,0034 %"",""36"":""prozentualer An- teil des Gesch\u00e4fts- anteiles am Stammkapital"",""37"":""je 0,0034 %"",""38"":""je 0,0034 %"",""39"":""je 0,0034 %"",""40"":""je 0,0034 %"",""41"":""je 0,0034 %"",""42"":""je 0,0034 %"",""43"":""je 0,0034 %"",""44"":""je 0,0034 %"",""45"":""je 0,0034 %""},""Summe der Nenn- betr\u00e4ge des Ge- sellschafters"":{""0"":""15.207,00 \u20ac"",""1"":""656,00 \u20ac"",""2"":null,""3"":""132,00 \u20ac"",""4"":""Summe der Nenn- betr\u00e4ge des Ge- sellschafters"",""5"":""3.489,00 \u20ac"",""6"":null,""7"":""745,00 \u20ac"",""8"":""394,00 \u20ac"",""9"":null,""10"":""821,00 \u20ac"",""11"":null,""12"":""328,00 \u20ac"",""13"":null,""14"":""Summe der Nenn- betr\u00e4ge des Ge- sellschafters"",""15"":""328,00 \u20ac"",""16"":null,""17"":""263,00 \u20ac"",""18"":null,""19"":""197,00 \u20ac"",""20"":null,""21"":""155,00 \u20ac"",""22"":null,""23"":""155,00 \u20ac"",""24"":null,""25"":""Summe der Nenn- betr\u00e4ge des Ge- sellschafters"",""26"":""155,00 \u20ac"",""27"":null,""28"":""262,00 \u20ac"",""29"":null,""30"":""263,00 \u20ac"",""31"":null,""32"":""155,00 \u20ac"",""33"":null,""34"":""132,00 \u20ac"",""35"":null,""36"":""Summe der Nenn- betr\u00e4ge des Ge- sellschafters"",""37"":""263,00 \u20ac"",""38"":null,""39"":""164,00 \u20ac"",""40"":null,""41"":""164,00 \u20ac"",""42"":null,""43"":""3.750,00 \u20ac"",""44"":""875,00 \u20ac"",""45"":""125,00 \u20ac""},""prozentualer An- teil des Gesamt- umfangs der Ge- sch\u00e4fts anteile am Stammkapital"":{""0"":""52,118 %"",""1"":""2,2483 %"",""2"":null,""3"":""0,4524 %"",""4"":""prozentualer An- teil des Gesamt- umfangs der Ge- sch\u00e4fts anteile am Stammkapital"",""5"":""11,9576 %"",""6"":null,""7"":""2,5533 %"",""8"":""1,3503 %"",""9"":null,""10"":""2,8138 %"",""11"":null,""12"":""1,1241 %"",""13"":null,""14"":""prozentualer An- teil des Gesamt- umfangs der Ge- sch\u00e4fts anteile am Stammkapital"",""15"":""1,1241 %"",""16"":null,""17"":""0,9014 %"",""18"":null,""19"":""0,6752 %"",""20"":null,""21"":""0,5312 %"",""22"":null,""23"":""0,5312 %"",""24"":null,""25"":""prozentualer An- teil des Gesamt- umfangs der Ge- sch\u00e4fts anteile am Stammkapital"",""26"":""0,5312 %"",""27"":null,""28"":""0,8979 %"",""29"":null,""30"":""0,9014 %"",""31"":null,""32"":""0,5312 %"",""33"":null,""34"":""0,4524 %"",""35"":null,""36"":""prozentualer An- teil des Gesamt- umfangs der Ge- sch\u00e4fts anteile am Stammkapital"",""37"":""0,9014 %"",""38"":null,""39"":""0,5621 %"",""40"":null,""41"":""0,5621 %"",""42"":null,""43"":""12,8521 %"",""44"":""2,9988 %"",""45"":""0,4284 %""},""Ver\u00e4nderungsspalte"":{""0"":"""",""1"":""rechts gesch\u00e4ftlich \u00fcbertragen (UR-Nr. 547\/2021 RB)"",""2"":"""",""3"":""rechts gesch\u00e4ftlich \u00fcbertragen (UR-Nr. 547\/2021 RB)"",""4"":""Ver\u00e4nderungsspalte"",""5"":"""",""6"":""rechts gesch\u00e4ftlich \u00fcbertragen (UR-Nr. 548\/2021 RB)"",""7"":"""",""8"":""rechts gesch\u00e4ftlich \u00fcbertragen (UR-Nr. 548\/2021 RB)"",""9"":"""",""10"":""rechts gesch\u00e4ftlich \u00fcbertragen (UR-Nr. 548\/2021 RB)"",""11"":"""",""12"":""rechts gesch\u00e4ftlich \u00fcbertragen (UR-Nr. 548\/2021 RB)"",""13"":"""",""14"":""Ver\u00e4nderungsspalte"",""15"":""rechts gesch\u00e4ftlich \u00fcbertragen (UR-Nr. 548\/2021 RB)"",""16"":"""",""17"":""rechts gesch\u00e4ftlich \u00fcbertragen (UR-Nr. 548\/2021 RB)"",""18"":"""",""19"":""rechts gesch\u00e4ftlich \u00fcbertragen (UR-Nr. 548\/2021 RB)"",""20"":"""",""21"":""rechts gesch\u00e4ftlich \u00fcbertragen (UR-Nr. 548\/2021 RB)"",""22"":"""",""23"":""rechts gesch\u00e4ftlich \u00fcbertragen (UR-Nr. 548\/2021 RB)"",""24"":"""",""25"":""Ver\u00e4nderungsspalte"",""26"":""rechts gesch\u00e4ftlich \u00fcbertragen (UR-Nr. 548\/2021 RB)"",""27"":"""",""28"":""rechts gesch\u00e4ftlich \u00fcbertragen (UR-Nr. 548\/2021 RB)"",""29"":"""",""30"":""rechts gesch\u00e4ftlich \u00fcbertragen (UR-Nr. 548\/2021 RB)"",""31"":"""",""32"":""rechts gesch\u00e4ftlich \u00fcbertragen (UR-Nr. 548\/2021 RB)"",""33"":"""",""34"":""rechts gesch\u00e4ftlich \u00fcbertragen (UR-Nr. 548\/2021 RB)"",""35"":"""",""36"":""Ver\u00e4nderungsspalte"",""37"":""rechts gesch\u00e4ftlich \u00fcbertragen (UR-Nr. 548\/2021 RB)"",""38"":"""",""39"":""rechts gesch\u00e4ftlich \u00fcbertragen (UR-Nr. 548\/2021 RB)"",""40"":"""",""41"":""rechts gesch\u00e4ftlich \u00fcbertragen (UR-Nr. 548\/2021 RB)"",""42"":"""",""43"":"""",""44"":"""",""45"":""""}}";;
11762;Pink Internet GmbH;https://www.femtasy.com/;
9992;Wallary GmbH;https://www.wallary.app;
4175;Carealytix Digital Health GmbH;https://www.miku-app.com/;
6407;Norden Vaccines GmbH;;
8435;theBASE FOL Group GmbH;http://www.jointhebase.co/;
2585;Omiqa Bioinformatics GmbH;https://www.omiqa.bio/;
4480;VesselSens GmbH;https://vesselsens.com/;
7438;Pflegenio GmbH;https://pflegenio.de/;
8729;Clinomic GmbH;http://clinomic.ai/;
8543;Zava Global GmbH;https://www.zavamed.com/;
1974;Cytolytics GmbH;http://cytolytics.de/;
9658;Canostix GmbH;https://canostix.com/;
17201;ki elements UG (haftungsbeschränkt);https://ki-elements.de;
7323;Custom Surgical GmbH;https://customsurgical.de/;
6372;deepc GmbH;http://www.deepc.ai/;
7211;sync2brain GmbH;https://sync2brain.com;
10460;DaMedic GmbH;https://www.damedic.ai/;
13275;Modern Me GmbH;https://modern-clear.de;
6915;AVERY Fertility GmbH;https://www.avery-fertility.com/;
8879;Kosmas Therapeutics GmbH;https://www.kosmas-therapeutics.de;
4376;PROSION GmbH;https://prosion.io/;
4472;Aurora Gesundheit GmbH;;
10560;Cannify Pharma GmbH;https://cannify.de/;
13890;Feral GmbH;https://www.inne.io/;
11005;Bluelife GmbH;https://www.thebluelife.de/;
5336;Vaccinvent GmbH;http://ivacc.de/;
4080;VIMETRA GmbH;https://vimetra.de/;
7678;TRI Thinking Research Instruments GmbH;https://vaidr.de/;
9797;denovoMATRIX GmbH;https://www.denovomatrix.com/;
10829;AMMEVA GmbH;https://ammeva.de;
13685;Medipee GmbH;https://www.medipee.com/;
2806;DEOXY GmbH;https://deoxy.bio/;
12953;Keleya Digital-Health Solutions GmbH;https://keleya.de/;
11830;BreakthroughX Health GmbH;https://breakthrough.health/;
6920;Declareme GmbH;http://www.declareme.de/;
6891;SonoDent GmbH;;
6202;DeepSpin GmbH;http://deepspin.io/;
13532;Neoscan Solutions GmbH;https://www.neoscan-solutions.com;
3094;SmartOrthoSolutions GmbH;http://smartorthosolutions.com/;
7289;Oviavo GmbH;https://oviavo.com;
3865;RR Technologies GmbH;;
7034;DigitalHealth Technology GmbH;https://www.digitalhealth.technology/;
13848;MyBiotech GmbH;https://mybiotech.de;
6155;Medical Apps GmbH;;
6259;Avi Medical GmbH;https://www.avimedical.com/;
;;;
;"{""Vor- und Nachname \/ Firma"":{""0"":""Lata Venture UG (haftungsbeschr\u00e4nkt)"",""1"":""Apical Ventures UG (haftungsbeschr\u00e4nkt)"",""2"":""Apical Ventures UG (haftungsbeschr\u00e4nkt)"",""3"":""Christoph Baumeister Ventures UG (haftungsbeschr\u00e4nkt)"",""4"":""Lata Venture UG (haftungsbeschr\u00e4nkt)"",""5"":""Picus Capital GmbH"",""6"":""Picus X2 UG (haftungsbeschr\u00e4nkt)"",""7"":""SWK GmbH"",""8"":""Lata Venture UG (haftungsbeschr\u00e4nkt)"",""9"":""Picus Capital GmbH"",""10"":""M4Capital GmbH"",""11"":""Inventures Collective GmbH & Co. KG"",""12"":""ALERA Capital GmbH"",""13"":""MJM Investments GmbH"",""14"":""Anselm Bauer Invest GmbH"",""15"":""Benjamin G\u00fcnther Invest GmbH"",""16"":""AB 1204 Verwaltungs GmbH"",""17"":""CERES VENTURE GMBH"",""18"":""Valluga Capital GmbH"",""19"":""Linsch AB"",""20"":""Bolz Capital UG (haftungsbeschr\u00e4nkt)"",""21"":""MCS Ventures UG (haftungsbeschr\u00e4nkt)"",""22"":""J. Cornelius GmbH"",""23"":""M. Yilmaz GmbH"",""24"":""JOMAVO UG (haftungsbeschr\u00e4nkt)"",""25"":""Picus Capital GmbH"",""26"":""M4Capital GmbH"",""27"":""Inventures Collective GmbH & Co. KG"",""28"":""Inventures GmbH"",""29"":""ALERA Capital GmbH"",""30"":""MJM Investments GmbH"",""31"":""Anselm Bauer Invest GmbH"",""32"":""Benjamin G\u00fcnther Invest GmbH"",""33"":""AB 1204 Verwaltungs GmbH"",""34"":""CERES VENTURE GMBH"",""35"":""Valluga Capital GmbH"",""36"":""Vorwerk Ventures III GmbH\n& Co. KG"",""37"":""Picus Capital GmbH"",""38"":""Vorwerk Ventures III GmbH\n& Co. KG"",""39"":""heal.capital | GmbH & Co. KG"",""40"":""FCPI Idinvest Patrimoine 2019"",""41"":""FCPI Objectif Innovation 2019"",""42"":""FCPR Idinvest HEC Venture Fund"",""43"":""capital300 EuVECA GmbH & Co. KG"",""44"":""Operator Partners LLC"",""45"":""Solomon-Daniel Dines"",""46"":""Lando Ventures LLC"",""47"":""Sand Hill Advisors LLC"",""48"":""Operator Partners LLC"",""49"":""Solomon-Daniel Dines"",""50"":""Addition Two. LP."",""51"":""capital300 EuVECA GmbH & Co. KG"",""52"":""FCPI Idinvest Patrimoine 2019"",""53"":""FCPI Objectif Innovation 2019"",""54"":""FCPR Idinvest HEC Venture Fund"",""55"":""heal.capital | GmbH & Co. KG"",""56"":""Vorwerk Ventures III GmbH\n& Co. KG"",""57"":""Inventures GmbH"",""58"":""Inventures Breakout GmbH\n& Co. KG"",""59"":""Picus Capital GmbH"",""60"":""Apical Ventures UG (haftungsbeschr\u00e4nkt)"",""61"":""Summe:""},""Geburts-datum \/HR- Nummer"":{""0"":""AG M\u00fcnchen, HRB 213071"",""1"":""AG M\u00fcnchen, HRB 261179"",""2"":""AG M\u00fcnchen, HRB 261179"",""3"":""AG M\u00fcnchen, HRB 211730"",""4"":""AG M\u00fcnchen, HRB 213071"",""5"":""AG M\u00fcnchen, HRB 220147"",""6"":""AG M\u00fcnchen, HRB 254774"",""7"":""AG Memmingen, HRB 17951"",""8"":""AG M\u00fcnchen, HRB 213071"",""9"":""AG M\u00fcnchen, HRB 220147"",""10"":""AG Mainz, HRB 49909"",""11"":""AG M\u00fcnchen, HRA 112107"",""12"":""AG Aschaffenburg HRB 13467"",""13"":""AG M\u00fcnchen, HRB 230390"",""14"":""AG M\u00fcnchen, HRB 230392"",""15"":""AG M\u00fcnchen, HRB 230764"",""16"":""AG Traunstein, HRB 19868"",""17"":""AG M\u00fcnchen, HRB 244801"",""18"":""AG M\u00fcnchen, HRB 204025"",""19"":""Swedish Companies Registration Office, Nummer 559008-9081"",""20"":""AG Charlottenburg HRB 217842 B"",""21"":""AG M\u00fcnchen, HRB 234105"",""22"":""AG M\u00fcnchen, HRB 203860"",""23"":""AG M\u00fcnchen, HRB 203862"",""24"":""AG M\u00fcnchen, HRB 243669"",""25"":""AG M\u00fcnchen, HRB 220147"",""26"":""AG Mainz, HRB 49909"",""27"":""AG M\u00fcnchen, HRA 112107"",""28"":""AG M\u00fcnchen, HRB 208406"",""29"":""AG Aschaffenburg HRB 13467"",""30"":""AG M\u00fcnchen, HRB 230390"",""31"":""AG M\u00fcnchen, HRB 230392"",""32"":""AG M\u00fcnchen, HRB 230764"",""33"":""AG Traunstein, HRB 19868"",""34"":""AG M\u00fcnchen, HRB 244801"",""35"":""AG M\u00fcnchen, HRB 204025"",""36"":""AG Charlottenburg HRA\n56578 B"",""37"":""AG M\u00fcnchen, HRB 220147"",""38"":""AG Charlottenburg HRA\n56578 B"",""39"":""AG Charlottenburg HRA 56533 B"",""40"":""Franz\u00f6sische Finanzaufsicht unter Nummer (FDS) 64666 und Legalidentit\u00e4tsnummer (LEI) 969500YG6BGSDT2WM2 36, vertreten durch die Managementgesellschaft (\""g\u00e9rant\"") Idinvest Partners SA, registriert beim Franz\u00f6sischen Handelsregister unter 414 735 175"",""41"":""Franz\u00f6sische Finanzaufsicht unter Nummer (FDS) 64667 und Legalidentit\u00e4tsnummer (LEI) 969500BAADOKZEIIM581 , vertreten durch die Managementgesellschaft (\""g\u00e9rant\"") Idinvest Partners SA, registriert beim Franz\u00f6sischen Handelsregister unter 414 735 175"",""42"":""Franz\u00f6sische Finanzaufsicht unter Nummer (FDS) 65043 und Legalidentit\u00e4tsnummer (LEI) 9695006LCZOWPOIM9Q1 3, vertreten durch die Managementgesellschaft (\""g\u00e9rant\"") Idinvest Partners SA, registriert beim Franz\u00f6sischen Handelsregister unter 414 735 175"",""43"":""Firmenbuchnummer FN 471883 x"",""44"":""Secretary of State of Delaware, Nummer 021- 367799"",""45"":""01.01.1972"",""46"":""Secretary of State of Delaware, Nummer 5348822"",""47"":""Secretary of State of California, Nummer 801- 58002"",""48"":""Secretary of State of Delaware, Nummer 021- 367799"",""49"":""01.01.1972"",""50"":""Registernummer 108360"",""51"":""Firmenbuchnummer FN 471883 x"",""52"":""Franz\u00f6sische Finanzaufsicht unter Nummer (FDS) 64666 und Legalidentit\u00e4tsnummer (LEI) 969500YG6BGSDT2WM2 36, vertreten durch die Managementgesellschaft (\""g\u00e9rant\"") Idinvest Partners SA, registriert beim Franz\u00f6sischen Handelsregister unter 414 735 175"",""53"":""Franz\u00f6sische Finanzaufsicht unter Nummer (FDS) 64667 und Legalidentit\u00e4tsnummer (LEI) 969500BAADOKZEIIM581 , vertreten durch die Managementgesellschaft (\""g\u00e9rant\"") Idinvest Partners SA, registriert beim Franz\u00f6sischen Handelsregister unter 414 735 175"",""54"":""Franz\u00f6sische Finanzaufsicht unter Nummer (FDS) 65043 und Legalidentit\u00e4tsnummer (LEI) 9695006LCZOWPOIM9Q1 3, vertreten durch die Managementgesellschaft (\""g\u00e9rant\"") Idinvest Partners SA, registriert beim Franz\u00f6sischen Handelsregister unter 414 735 175"",""55"":""JAG Charlottenburg HRA 56533 B"",""56"":""AG Charlottenburg, HRA\n56578 B"",""57"":""AG M\u00fcnchen, HRB 208406"",""58"":""AG M\u00fcnchen, HRA\n113430"",""59"":""AG M\u00fcnchen, HRB 220147"",""60"":""AG M\u00fcnchen, HRB 261179"",""61"":""""},""Wohnort \/ Sitz"":{""0"":""Eching, LK Freising"",""1"":""M\u00fcnchen"",""2"":""M\u00fcnchen"",""3"":""M\u00fcnchen"",""4"":""Eching, LK Freising"",""5"":""M\u00fcnchen"",""6"":""M\u00fcnchen"",""7"":""Neu-Ulm"",""8"":""M\u00fcnchen"",""9"":""M\u00fcnchen"",""10"":""Engelstadt"",""11"":""M\u00fcnchen"",""12"":""Kleinostheim\n:selected:"",""13"":""M\u00fcnchen"",""14"":""Penzberg, LK Weilheim- Schongau"",""15"":""M\u00fcnchen"",""16"":""Brannenburg"",""17"":""M\u00fcnchen"",""18"":""M\u00fcnchen"",""19"":""Stockholm, Schweden"",""20"":""Berlin"",""21"":""M\u00fcnchen"",""22"":""M\u00fcnchen"",""23"":""M\u00fcnchen"",""24"":""M\u00fcnchen"",""25"":""M\u00fcnchen"",""26"":""Engelstadt"",""27"":""M\u00fcnchen"",""28"":""M\u00fcnchen"",""29"":""Kleinostheim"",""30"":""M\u00fcnchen"",""31"":""Penzberg, LK Weilheim- Schongau"",""32"":""M\u00fcnchen"",""33"":""Brannenburg"",""34"":""M\u00fcnchen"",""35"":""M\u00fcnchen"",""36"":""Berlin"",""37"":""M\u00fcnchen"",""38"":""Berlin"",""39"":""Berlin"",""40"":""Paris, Frankreich"",""41"":""Paris, Frankreich"",""42"":""Paris, Frankreich"",""43"":""Linz, \u00d6sterreich"",""44"":""Delaware, USA"",""45"":""Bukarest, Rum\u00e4nien"",""46"":""Delaware, USA"",""47"":""Kalifornien, USA"",""48"":""Delaware, USA"",""49"":""Rum\u00e4nien Bukarest,"",""50"":""New York, USA"",""51"":""Linz, \u00d6sterreich"",""52"":""Paris, Frankreich"",""53"":""Paris, Frankreich"",""54"":""Paris, Frankreich"",""55"":""Berlin"",""56"":""Berlin"",""57"":""M\u00fcnchen"",""58"":""M\u00fcnchen"",""59"":""M\u00fcnchen"",""60"":""M\u00fcnchen"",""61"":""""},""Lfd. Nr. von"":{""0"":""3"",""1"":""11.398"",""2"":""12.503"",""3"":""13.608"",""4"":""25.003"",""5"":""29.170"",""6"":""36.670"",""7"":""37.503"",""8"":""37.578"",""9"":""37.665"",""10"":""39.261"",""11"":""39.717"",""12"":""40.173"",""13"":""40.857"",""14"":""41.313"",""15"":""41.769"",""16"":""42.225"",""17"":""42.681"",""18"":""42.909"",""19"":""43.137"",""20"":""43.274"",""21"":""43.502"",""22"":""43.730"",""23"":""43.958"",""24"":""44.186"",""25"":""44.300"",""26"":""45.514"",""27"":""46.323"",""28"":""46.930"",""29"":""47.942"",""30"":""48.954"",""31"":""49.156"",""32"":""49.561"",""33"":""49.642"",""34"":""50.047"",""35"":""50.168"",""36"":""50.370"",""37"":""56.031"",""38"":""57.683"",""39"":""60.225"",""40"":""67.567"",""41"":""68.640"",""42"":""69.544"",""43"":""70.391"",""44"":""71.803"",""45"":""72.516"",""46"":""72.607"",""47"":""72.721"",""48"":""72.819"",""49"":""73.257"",""50"":""73.426"",""51"":""96.310"",""52"":""96.670"",""53"":""96.944"",""54"":""97.175"",""55"":""97.391"",""56"":""99.267"",""57"":""101.363"",""58"":""101.405"",""59"":""101.790"",""60"":""104.356"",""61"":""""},""Lfd. Nr. bis"":{""0"":""11.397"",""1"":""12.502"",""2"":""13.607"",""3"":""25.002"",""4"":""29.169"",""5"":""36.669"",""6"":""37.502"",""7"":""37.577"",""8"":""37.664"",""9"":""39.260"",""10"":""39.716"",""11"":""40.172"",""12"":""40.856"",""13"":""41.312"",""14"":""41.768"",""15"":""42.224"",""16"":""42.680"",""17"":""42.908"",""18"":""43.136"",""19"":""43.273"",""20"":""43.501"",""21"":""43.729"",""22"":""43.957"",""23"":""44.185"",""24"":""44.299"",""25"":""45.513"",""26"":""46.322"",""27"":""46.929"",""28"":""47.941"",""29"":""48.953"",""30"":""49.155"",""31"":""49.560"",""32"":""49.641"",""33"":""50.046"",""34"":""50.167"",""35"":""50.369"",""36"":""56.030"",""37"":""57.682"",""38"":""60.224"",""39"":""67.566"",""40"":""68.639"",""41"":""69.543"",""42"":""70.390"",""43"":""71.802"",""44"":""72.515"",""45"":""72.606"",""46"":""72.720"",""47"":""72.818"",""48"":""73.256"",""49"":""73.425"",""50"":""96.309"",""51"":""96.669"",""52"":""96.943"",""53"":""97.174"",""54"":""97.390"",""55"":""99.266"",""56"":""101.362"",""57"":""101.404"",""58"":""101.789"",""59"":""104,355"",""60"":""108.607"",""61"":""""},""Nennbetrag des Gesch\u00e4fts- anteils in EUR"":{""0"":""1"",""1"":""1"",""2"":""1"",""3"":""1"",""4"":""1"",""5"":""1"",""6"":""1"",""7"":""1"",""8"":""1"",""9"":""1"",""10"":""1"",""11"":""1"",""12"":""1"",""13"":""1"",""14"":""1"",""15"":""1"",""16"":""1"",""17"":""1"",""18"":""1"",""19"":""1"",""20"":""1"",""21"":""1"",""22"":""1"",""23"":""1"",""24"":""1"",""25"":""1"",""26"":""1"",""27"":""1"",""28"":""1"",""29"":""1"",""30"":""1"",""31"":""1"",""32"":""1"",""33"":""1"",""34"":""1"",""35"":""1"",""36"":""1"",""37"":""1"",""38"":""1"",""39"":""1"",""40"":""1"",""41"":""1"",""42"":""1"",""43"":""1"",""44"":""1"",""45"":""1"",""46"":""1"",""47"":""1"",""48"":""1"",""49"":""1"",""50"":""1"",""51"":""1"",""52"":""1"",""53"":""1"",""54"":""1"",""55"":""1"",""56"":""1"",""57"":""1"",""58"":""1"",""59"":""1"",""60"":""1"",""61"":""""},""Beteiligung am Stamm- kapital pro Gesch\u00e4fts- anteil in Prozent"":{""0"":""0,0009208"",""1"":""0,0009208"",""2"":""0,0009208"",""3"":""0,0009208"",""4"":""0,0009208"",""5"":""0,0009208"",""6"":""0,0009208"",""7"":""0,0009208"",""8"":""0,0009208"",""9"":""0,0009208"",""10"":""0,0009208"",""11"":""0,0009208"",""12"":""0,0009208"",""13"":""0,0009208"",""14"":""0,0009208"",""15"":""0,0009208"",""16"":""0,0009208"",""17"":""0,0009208"",""18"":""0,0009208"",""19"":""0,0009208"",""20"":""0,0009208"",""21"":""0,0009208"",""22"":""0,0009208"",""23"":""0,0009208"",""24"":""0,0009208"",""25"":""0,0009208"",""26"":""0,0009208"",""27"":""0,0009208\n:unselected:"",""28"":""0,0009208"",""29"":""0,0009208"",""30"":""0,0009208"",""31"":""0,0009208"",""32"":""0,0009208"",""33"":""0,0009208"",""34"":""0,0009208"",""35"":""0,0009208"",""36"":""0,0009208"",""37"":""0,0009208"",""38"":""0,0009208"",""39"":""0,0009208"",""40"":""0,0009208"",""41"":""0,0009208"",""42"":""0,0009208"",""43"":""0,0009208"",""44"":""0,0009208"",""45"":""0,0009208"",""46"":""0,0009208"",""47"":""0,0009208"",""48"":""0,0009208"",""49"":""0,0009208"",""50"":""0,0009208"",""51"":""0,0009208"",""52"":""0,0009208"",""53"":""0,0009208"",""54"":""0,0009208"",""55"":""0,0009208"",""56"":""0,0009208"",""57"":""0,0009208"",""58"":""0,0009208"",""59"":""0,0009208"",""60"":""0,0009208"",""61"":""""},""Summe der Nennbetr\u00e4ge in EUR"":{""0"":""11.395"",""1"":""1.105"",""2"":""1.105"",""3"":""11.395"",""4"":""4.167"",""5"":""7.500"",""6"":""833"",""7"":""75"",""8"":""87"",""9"":""1.596"",""10"":""456"",""11"":""456"",""12"":""684"",""13"":""456"",""14"":""456"",""15"":""456"",""16"":""456"",""17"":""228"",""18"":""228"",""19"":""137\n:selected:"",""20"":""228\n:selected:"",""21"":""228\n:selected:"",""22"":""228\n:selected: :selected:"",""23"":""228\n:selected:"",""24"":""114\n:unselected: :selected:"",""25"":""1.214\n:selected:"",""26"":""809\n:unselected:"",""27"":""607\n:unselected:"",""28"":""1.012\n:selected:\n:unselected:"",""29"":""1.012\n:selected: :unselected:"",""30"":""202\n:selected:"",""31"":""405"",""32"":""81\n:selected:"",""33"":""405\n:selected: :unselected:"",""34"":""121\n:selected:"",""35"":""202\n:selected: :selected:"",""36"":""5.661"",""37"":""1.652"",""38"":""2.542"",""39"":""7.342"",""40"":""1.073"",""41"":""904"",""42"":""847"",""43"":""1.412"",""44"":""713"",""45"":""91"",""46"":""114"",""47"":""98"",""48"":""438"",""49"":""169"",""50"":""22.884"",""51"":""360"",""52"":""274"",""53"":""231"",""54"":""216"",""55"":""1.876"",""56"":""2.096"",""57"":""42"",""58"":""385"",""59"":""2.566"",""60"":""4.252"",""61"":""108.605""},""Daraus resultierende Beteiligung am Stammkapital in Prozent"":{""0"":""10,49215045"",""1"":""1,017448552"",""2"":""1,017448552"",""3"":""10,49215045"",""4"":""3,836839924"",""5"":""6,905759403"",""6"":""0,766999678"",""7"":""0,069057594"",""8"":""0,080106809"",""9"":""1,469545601"",""10"":""0,419870172"",""11"":""0,419870172"",""12"":""0,629805258"",""13"":""0,419870172"",""14"":""0,419870172"",""15"":""0,419870172"",""16"":""0,419870172"",""17"":""0,209935086"",""18"":""0,209935086"",""19"":""0,126145205"",""20"":""0,209935086\n:unselected:"",""21"":""0,209935086"",""22"":""0,209935086\n:unselected:"",""23"":""0,209935086\n:unselected:"",""24"":""0,104967543"",""25"":""1,117812255"",""26"":""0,744901248"",""27"":""0,558906128\n:unselected:"",""28"":""0,931817135\n:unselected:"",""29"":""0,931817135\n:unselected:"",""30"":""0,18599512\n:unselected:"",""31"":""0,372911008\n:unselected:"",""32"":""0,074582202\n:unselected:"",""33"":""0,372911008\n:unselected:"",""34"":""0,111412918\n:unselected:"",""35"":""0,18599512\n:unselected:"",""36"":""5,212467198"",""37"":""1,521108605"",""38"":""2,340592054"",""39"":""6,760278072"",""40"":""0,987983979"",""41"":""0,8323742"",""42"":""0,779890429"",""43"":""1,300124304"",""44"":""0,656507527"",""45"":""0,083789881"",""46"":""0,104967543"",""47"":""0,090235256"",""48"":""0,403296349"",""49"":""0,155609779"",""50"":""21,07085309"",""51"":""0,331476451"",""52"":""0,25229041"",""53"":""0,21269739"",""54"":""0,198885871"",""55"":""1,727360619"",""56"":""1,929929561"",""57"":""0,038672253"",""58"":""0,354495649"",""59"":""2,362690484"",""60"":""3,915105198"",""61"":""100""},""Gesamtumfang der Beteiligung dieses Gesellschafters am Stammkapital in Prozent"":{""0"":""14,40909719"",""1"":""5,950002302"",""2"":""5,950002302"",""3"":""10,49215045"",""4"":""14,40909719"",""5"":""13,37691635"",""6"":""0,766999678"",""7"":""0,069057594"",""8"":""14,40909719"",""9"":""13,37691635"",""10"":""1,164771419"",""11"":""0,978776299"",""12"":""1,561622393"",""13"":""0,605865292\n:unselected:"",""14"":""0,79278118"",""15"":""0,494452373\n:unselected:"",""16"":""0,79278118"",""17"":""0,321348004"",""18"":""0,395930206"",""19"":""0,126145205\n:unselected:"",""20"":""0,209935086\n:unselected:"",""21"":""0,209935086\n:unselected:"",""22"":""0,209935086\n:unselected:"",""23"":""0,209935086\n:unselected:"",""24"":""0,104967543\n:unselected:"",""25"":""13,37691635"",""26"":""1,164771419"",""27"":""0,978776299\n:unselected:"",""28"":""0,970489388\n:unselected:"",""29"":""1,561622393"",""30"":""0,605865292\n:unselected:"",""31"":""0,79278118"",""32"":""0,494452373\n:unselected:"",""33"":""0,79278118"",""34"":""0,321348004\n:unselected:"",""35"":""0,395930206\n:unselected:"",""36"":""9,482988813"",""37"":""13,37691635"",""38"":""9,482988813"",""39"":""8,487638691"",""40"":""1,240274389"",""41"":""1,04507159"",""42"":""0,978776299"",""43"":""1,631600755"",""44"":""1,059803876"",""45"":""0,239399659"",""46"":""0,104967543"",""47"":""0,090235256"",""48"":""1,059803876"",""49"":""0,239399659"",""50"":""21,07085309"",""51"":""1,631600755"",""52"":""1,240274389"",""53"":""1,04507159"",""54"":""0,978776299"",""55"":""8,487638691"",""56"":""9,482988813"",""57"":""0,970489388"",""58"":""0,354495649"",""59"":""13,37691635"",""60"":""5,950002302"",""61"":""""},""Gesamtumfang der Beteiligung dieses Gesellschafters am Stammkapital in Euro\/Nennbetrag"":{""0"":""15.649"",""1"":""6.462"",""2"":""6.462"",""3"":""11.395"",""4"":""15.649"",""5"":""14.528"",""6"":""833"",""7"":""75"",""8"":""15.649"",""9"":""14.528"",""10"":""1.265"",""11"":""1.063"",""12"":""1.696"",""13"":""658"",""14"":""861"",""15"":""537"",""16"":""861"",""17"":""349"",""18"":""430"",""19"":""137"",""20"":""228"",""21"":""228"",""22"":""228"",""23"":""228"",""24"":""114"",""25"":""14.528"",""26"":""1.265"",""27"":""1.063"",""28"":""1.054"",""29"":""1.696"",""30"":""658"",""31"":""861"",""32"":""537"",""33"":""861"",""34"":""349"",""35"":""430"",""36"":""10.299"",""37"":""14.528"",""38"":""10.299"",""39"":""9.218"",""40"":""1.347"",""41"":""1.135"",""42"":""1.063"",""43"":""1.772"",""44"":""1.151"",""45"":""260"",""46"":""114"",""47"":""98"",""48"":""1.151"",""49"":""260"",""50"":""22.884"",""51"":""1.772"",""52"":""1.347"",""53"":""1.135"",""54"":""1.063"",""55"":""9.218"",""56"":""10.299"",""57"":""1.054"",""58"":""385"",""59"":""14.528"",""60"":""6.462"",""61"":""""},""Ver\u00e4nderungen"":{""0"":"""",""1"":"""",""2"":"""",""3"":"""",""4"":"""",""5"":"""",""6"":"""",""7"":"""",""8"":"""",""9"":"""",""10"":"""",""11"":"""",""12"":"""",""13"":"""",""14"":"""",""15"":"""",""16"":"""",""17"":"""",""18"":"""",""19"":"""",""20"":"""",""21"":"""",""22"":"""",""23"":"""",""24"":"""",""25"":"""",""26"":"""",""27"":"""",""28"":"""",""29"":"""",""30"":"""",""31"":"""",""32"":"""",""33"":"""",""34"":"""",""35"":"""",""36"":"""",""37"":"""",""38"":"""",""39"":"""",""40"":"""",""41"":"""",""42"":"""",""43"":"""",""44"":"""",""45"":"""",""46"":"""",""47"":"""",""48"":"""",""49"":"""",""50"":""Kapitalerh\u00f6hung"",""51"":""Kapitalerh\u00f6hung"",""52"":""Kapitalerh\u00f6hung"",""53"":""Kapitalerh\u00f6hung"",""54"":""Kapitalerh\u00f6hung"",""55"":""Kapitalerh\u00f6hung"",""56"":""Kapitalerh\u00f6hung"",""57"":""Kapitalerh\u00f6hung"",""58"":""Kapitalerh\u00f6hung"",""59"":""Kapitalerh\u00f6hung"",""60"":""Kapitalerh\u00f6hung"",""61"":""""}}";;
2673;x-cardiac GmbH;https://www.xcardiac.com/;
14013;mHealth Pioneers GmbH;https://thryve.health/;
5291;Gordon Health Academy GmbH;https://gordon-health.com/;
15140;Vitomy UG (haftungsbeschränkt);https://vitomy.de/;
5284;ALMA PHIL GmbH;https://almaphil.de/;
5205;Corat Therapeutics GmbH;https://corat-therapeutics.com/;
9552;Atlas medical Technologies GmbH;https://www.amedo.com/;
12166;Doctorly GmbH;https://www.doctorly.de/;
9095;Likeminded GmbH;https://www.likeminded.care/de;
8939;Nimbus Health GmbH;https://nimbus.health/;
5212;Curavas GmbH;https://curavas.com;
5697;Vorsorge One GmbH;https://www.wirksame-patientenverfuegung.de;
10207;phellow seven GmbH;https://phellowseven.com/;
13287;Redwave Medical GmbH;https://redwave-medical.com/;
13454;Qolware GmbH;https://lola-health.com/;
4132;Curexsys GmbH;http://www.curexsys.com;
11682;XO Life GmbH;https://www.medikura.com/;
9310;Dr. SAM Germany GmbH;https://www.drsam.de/;
1622;Floy GmbH;https://floy.ai/;
6623;LENZBOX GmbH;https://www.lenzbox.de/;
1831;Balance 7 Health GmbH;;
12578;Sdui GmbH;https://www.sdui.de/;
13397;Genevention GmbH;https://www.genevention.com/;
4407;Cirlo GmbH;https://www.cirlo.de/;
13318;DyNAbind GmbH;http://dynabind.com/;
12843;Rehappy GmbH;https://www.rehappy.de/;
5967;Abcalis GmbH;https://abcalis.com/;
3413;Eracron GmbH;https://eracron.tech/;
1557;umaversum reproductive health GmbH;https://www.uma-app.com/;
9663;Freiburger Medizintechnik GmbH;https://www.frmed.de;
3756;TCC The Care Company GmbH;https://thecarecompany.org;
3792;TINY Technologies GmbH;https://tiny-technologies.com/;
9588;VISSEIRO GmbH;https://www.visseiro.com/;
10803;Synbionik GmbH;https://www.synbionik.com/;
12840;HY STUDIO GmbH;https://hystudio.de;
3800;Healthtech Ventures GmbH;https://prio-one.de/;
12100;goodlifescience GmbH;https://www.goodlifescience.co;
14236;di: health UG (haftungsbeschränkt);http://di-health.de/;
4110;Ecaria GmbH;https://ecaria.de/;
3255;Überland GmbH;;
11031;Target Mobility GmbH;https://www.movacar.de/;
8327;auteon GmbH;https://www.auteon.com/;
5339;CONNECT Mobility GmbH;https://www.uryde.de/;
6345;Meshmerize GmbH;https://www.meshmerize.net;
12115;mobileeee GmbH;https://www.mobileeee.de/;
8143;Airfarm GmbH;https://airfarm.io;
12761;repareo GmbH;https://www.repareo.de/;
3571;eTree mobility GmbH;http://etree-mobility.de/;
6102;TL Digital Solutions GmbH;https://www.tradelink.co/;
16604;RideBee UG (haftungsbeschränkt);http://www.ridebee.de;
6455;Commuter Services GmbH;https://gemeinsam-ans-ziel.eu/;
9535;uze! Mobility GmbH;https://uze-mobility.com/;
2938;Pionix GmbH;https://pionix.de/;
13507;iBOSS GmbH;https://www.iboss.space;
8823;STACK Hydrogen Solutions GmbH;https://e-go-rex.com/;
13285;jetlite GmbH;https://www.jetlite.de/;
9447;Leadrive Technology Germany GmbH;http://www.leadrive.com/;
13049;Motor Ai GmbH;http://www.motor-ai.com/;
2534;AnyMove GmbH;;
12812;Bliq GmbH;https://bliq.ai/;
4313;4.screen GmbH;https://www.4screen.tech/;
9421;DroidDrive GmbH;https://ducktrain.io/;
3091;Freemotion Systems GmbH;http://freemotion-systems.de/;
11045;NautilusLog GmbH;http://www.nautiluslog.com/;
11711;Rehmus GmbH;http://www.rehmusgroup.com/;
11729;Convercycle Bikes GmbH;https://www.convercycle.com/;
9298;Kinetos Group Holding GmbH;http://kinetos.de/;
5405;New Path Solutions GmbH;https://www.carmino.de/;
6449;Nexobility GmbH;https://www.betterpark.de/;
5358;Newbility GmbH;https://nwblty.com/;
7121;&Charge GmbH;http://www.and-charge.com;
13093;TWINNER GmbH;https://twinner.com/;
8704;e.SAT GmbH;https://www.e-sat.de;
2262;Electrified Classics GmbH;https://www.electrified-classics.de/;
10222;JAMADE GERMANY GmbH;http://amazea.com/;
13041;STREET PRO GmbH;https://www.streetpro.de/;
13267;sigo GmbH;https://www.sigo.green;
5354;Airive GmbH;https://www.airive.de/;
13967;CT-Limousinen Service GmbH;https://www.ct-limousinenservice.de;
2691;flowdrive GmbH;https://faaren.com/;
7822;Block2Job GmbH;https://block2job.com/;
3751;Loopline Systems GmbH;https://www.loopline-systems.com/;
10429;EDUBAO GmbH;https://www.edu-bao.com/;
9290;Blue Excellence GmbH;https://bluquist.com/;
11829;billyard GmbH;https://billyard.de/;
11028;MONDAY.ROCKS GmbH;https://www.monday.rocks/;
6468;Careloop GmbH;https://careloop.io/;
16078;GlassDollar UG (haftungsbeschränkt);https://glassdollar.com/;
12289;Recrudo GmbH;https://www.recrudo.com;
6886;HiPeople GmbH;http://hipeople.io/;
8147;Echometer GmbH;https://echometer.de/;
11989;CREWlife Holding GmbH;https://www.crewlife.aero;
13725;EXPERTRY GmbH;https://expertry.de/;
8680;JOBOO! GmbH;https://www.joboo.de/;
5997;SMR SocialMediaRekruter GmbH;https://www.socialmediarekruter.de/;
14038;TalentBait GmbH;https://www.talentbait.de/;
5947;CooperHire GmbH;https://cooperhire.io/;
8160;flair.hr GmbH;https://flair.hr;
11801;Growify GmbH;https://www.growify.de;
13741;Masterplan com GmbH;https://masterplan.com;
64;ONTHEGO GmbH;http://onthego-crm.com/;
6357;Dgree Education Technologies GmbH;https://www.dgree.io/;
14887;OpenVendor UG (haftungsbeschränkt);https://www.openvendor.de/;
11834;SoundReply GmbH;https://www.how.fm/;
797;homeDX GmbH;https://www.homedx.com/;
13210;LawPilots GmbH;https://www.lawpilots.com;
2865;PXR Tech GmbH;https://pxr-legal.com/;
10941;Legal OS GmbH;https://www.legalos.io/;
5477;Chargeback24 GmbH;https://www.chargeback24.de/;
6433;insoadvice GmbH;https://insoadvice.de;
11916;Jurando GmbH;https://www.jurando.de/;
2033;DPO STAR GmbH;https://dpostar.com/;
12061;PROLIANCE GmbH;https://www.datenschutzexperte.de/;
3078;FJU GmbH;https://drinkfju.de/;
13011;bao solutions GmbH;https://bao-solutions.de/;
1506;codelane GmbH;https://curlie.app/;
12146;FiSens GmbH;https://fisens.com;
13995;cloudradar GmbH;https://www.cloudradar.io/;
11538;vivenu GmbH;https://vivenu.com/;
11418;Munevo GmbH;https://munevo.com/;
4987;Sastrify GmbH;https://www.sastrix.io/;
9629;GRID GmbH;https://grid.app/de/;
7673;Kulero GmbH;https://www.kulero.de/;
11589;Pitch Software GmbH;https://pitch.com/;
5882;WETOG GmbH;https://wetog.de/;
8716;Receeve GmbH;https://receeve.com/;
6146;MITOS GmbH;https://www.mitos.de/;
9397;Secufy GmbH;http://secufy.com/;
4549;safeB Germany GmbH;;
8630;Jodocus GmbH;https://jodocus.io/;
16044;TerraTechHolding UG (haftungsbeschränkt);;
252;TrustLane Solutions GmbH;https://www.trustlane.de/;
13449;Scicovery GmbH;https://www.labvanced.com/;
12105;MotionMiners GmbH;https://www.motionminers.com;
3759;3D Ninjas GmbH;https://3dn.cloud/;
8838;Meet My Mates GmbH;https://meet-my-mates.com;
7661;Contexon GmbH;https://contexon.com/;
9080;myResilience GmbH;https://www.myresilience.de/;
9352;VRHQ GmbH;https://www.vrhq.de/;
3663;Verbally GmbH;http://www.verbally.de/;
8979;OCELL GmbH;https://ocell.io/;
10047;Darmstadt Graphics Group GmbH;https://www.dgg3d.com/;
13058;Parloa GmbH;https://www.parloa.com/;
2148;stafftastic GmbH;https://stafftastic.com/de;
2656;Helsing GmbH;https://helsing.ai/;
5079;comdeo GmbH;http://comdeo.de/;
13856;i2x GmbH;https://i2x.ai/;
10629;NX Technologies GmbH;https://nx-technologies.com/;
13047;Freework GmbH;https://freework.com;
6887;intyme GmbH;http://intyme.io/;
8459;DialogShift GmbH;https://www.dialogshift.com;
12649;Signatrix GmbH;https://signatrix.com/;
3750;BetterTogether Ventures GmbH;;
13974;remind me GmbH;https://www.remind.me/;
10467;Vulidity GmbH;https://www.vulidity.de/;
9257;Deepcorr GmbH;https://deepcorr.com/;
13693;Last Message GmbH;http://last-message.com/;
9906;SCALUE GmbH;https://scalue.com/;
4120;PetLEO GmbH;https://petleo.net/;
1186;Polymetis GmH;https://www.polymetis-apps.com/;
4429;dido GmbH;https://dido.digital/;
13007;Polyteia GmbH;https://www.polyteia.de;
4626;Superlist Software GmbH;https://superlist.com/;
13330;Accemic Technologies GmbH;https://accemic.com;
3158;Capsify GmbH;https://capsify.de/;
10867;comuny GmbH;https://www.comuny.de;
7344;White Label Advisory GmbH;https://www.whitelabeladvisory.de/;
10032;Zwopr GmbH;https://zwopr.com;
5974;Lylu GmbH;https://www.lylu.de/;
7147;Peers Solutions GmbH;http://www.peers-solutions.com/;
11054;Mobius Labs GmbH;https://www.mobiuslabs.com/;
6742;Uplift1 GmbH;https://www.uplift1.com;
36;detective.solutions GmbH;http://www.detective.solutions/;
13708;Crashtest Security GmbH;https://crashtest-security.com/;
5935;kyp.ai GmbH;https://www.kyp.ai/;
10827;Xelera Technologies GmbH;https://xelera.io;
13161;Communicate2Integrate GmbH;http://www.communicate2integrate.com;
7584;alorio GmbH;https://www.alorio.com/;
7529;Hopkins GmbH;;
11997;airfocus GmbH;https://airfocus.io/;
4932;FarmInsect GmbH;https://farminsect.eu/;
3583;mim technologies GmbH;https://www.informed.so/;
10050;Flow Lab GmbH;https://flowlab.com/;
9850;we-do.ai GmbH;https://we-do.ai/;
5551;Trufflepig IT-Forensics GmbH;https://trufflepig-forensics.com/;
2830;mogenius GmbH;https://www.mogenius.com/de/home;
12121;Aible GmbH;https://aible.solutions/;
5446;Digital Seals GmbH;https://digitalseals.de;
14264;VESTUR UG (haftungsbeschränkt);https://www.vestur.de/;
5544;Halbestunde GmbH;http://xn--halbestundeben-qsb.de;
14665;Mind Your Orbit UG (haftungsbeschränkt);http://mindyourorbit.com/;
7955;Osterus GmbH;https://osterus.com/;
5853;Collato GmbH;https://collato.com/;
6052;ensun GmbH;https://www.ensun.de/;
7971;FutureHunt GmbH;http://futurehunt.net/;
39;Iteration One GmbH;;
1700;Lesido GmbH;https://www.lesido.de/;
487;SpeedVille Digital GmbH;https://speed-ville.de/;
3828;Total Fansports GmbH;https://www.vereinsticket.de/;
8620;Aleph Alpha GmbH;https://aleph-alpha.de/;
9161;Loxonet GmbH;http://loxonet.de/;
6204;DuDeChem GmbH;https://www.dudechem.com/;
6290;Cephoria GmbH;https://www.datico.com/;
16554;Facemurphy UG (haftungsbeschränkt);;
14787;TRAKKTIVE UG (haftungsbeschränkt);https://www.trakktive.de/;
6212;safetee technologies GmbH;https://www.safetee-golf.com/;
13863;GRITSpot GmbH;https://www.beat81.com;
12767;Crew Gel GmbH;https://www.crewgel.com/;
13886;yoganect GmbH;https://www.yoganect.com/;
4340;Talento Today Football GmbH;https://www.talentotoday.com/;
12873;Athlyzer GmbH;https://www.athlyzer.com/;
12003;Wandelbots GmbH;https://www.wandelbots.com/;
5200;VATION GmbH;https://www.vation.io/;
16163;Sportscurator UG (haftungsbeschränkt);https://www.sportscurator.de/;
4277;Vetain GmbH;https://vetain.de/;
2055;runamics GmbH;https://www.runamics.com/;
12620;Cargo One GmbH;https://www.cargo.one/;
4739;Liquiditeam GmbH;https://www.liquidi.team/;
3;Craft Clarity GmbH;https://craft-clarity.com/;
884;Teamsports AI GmbH;http://teamsports.ai/;
12114;LemonOne GmbH;https://www.lemonone.com;
3103;Dearest GmbH;https://www.hellodearest.io/;
5307;GauVendi GmbH;https://gauvendi.com/;
12681;Lanes & Planes GmbH;https://www.lanes-planes.com/;
8929;CamperBoys GmbH;https://www.camperboys.de/;
3844;Unifai GmbH;https://www.fino-found.com/;
2100;StayRaus GmbH;https://stayraus.com/;
14107;TimeRide GmbH;https://timeride.de/;
280;Univents GmbH;https://univents.company/;
5495;Oxi Event GmbH;https://www.oxi-garten.de/;
13438;Viamonda GmbH;https://www.viamonda.de/;
3351;Meaningful Travel GmbH;https://www.volunteerworld.com/;
10487;buynomics GmbH;https://www.buynomics.com;
4483;Airsiders GmbH;https://airsiders.com/;
6638;FWC - FreewayCamper GmbH;https://freeway-camper.com/de/;
9694;Hunter & Companion GmbH;https://www.hunterco.de;
14567;SemiMod UG (haftungsbeschränkt);https://semimod.de/;
6017;Cleanhub GmbH;https://www.cleanhub.io/;
384;Circleback GmbH;https://www.circleback.works/;
3048;BIOVOX GmbH;https://www.biovox.systems/;
10846;LOTHAR MEDTEC GmbH;https://www.lothar-medtec.de/;
16917;BatteryCloud UG (haftungsbeschränkt);http://batterycloud.de/;
553;SmartDecon GmbH;https://www.smartdecon.de/;
7670;GreatestWines.com GmbH;https://greatestwines.com/;
10278;Acuago GmbH;https://www.acuago.com/;
13943;Rhyk Technologies GmbH;https://www.rhyk.com;
17279;Trusted Music UG (haftungsbeschränkt);https://trustedmusic.com;
1253;goodcarbon GmbH;;
1963;hugsandplugs GmbH;https://www.hugsandplugs.com/;
8356;Layer Software GmbH;http://golayer.io/;
4785;justairtech GmbH;http://justairtech.de/;
10639;claimsforce GmbH;https://www.claimsforce.com/;
1100;Moojo GmbH;https://moojo.io/;
3293;DBG Digitale betriebliche Gesundheitsvorsorge GmbH;http://health-ensure.de/;
12948;CyberDirekt GmbH;https://www.cyberdirekt.de/;
7916;AIR GmbH;https://air-gmbh.com;
13298;alphin GmbH;https://freachly.de/;
6167;Heyflow GmbH;https://heyflow.app/;
7123;Finealyze GmbH;https://finealyze.com/;
5074;oohlemon GmbH;https://oohlemon.com/;
14553;Leek & Ribs Games UG (haftungsbeschränkt);https://gamangames.net/;
11673;lorylist GmbH;https://lorylist.com/;
10325;Vimato GmbH;https://vimato.io/;
10191;INSONE GmbH;https://sonocom.insone.de/;
4379;Swaarm Tech GmbH;https://swaarm.com/;
8994;CI HUB GmbH;https://ci-hub.com/;
2549;fraud0 GmbH;https://fraud0.com/;
7350;Linkster GmbH;https://linkster.co/;
4607;cmmrcl.ly GmbH;https://www.cmmrcl.ly;
7239;SPREAD GmbH;https://www.spread.ai/;
1543;Fiesta GmbH;https://fiesta.club/;
13667;SoD ScreenOnDemand GmbH;https://screenondemand.de;
4604;Voycer Digital GmbH;https://voycer.com/;
13017;Interactive Performance Deutschland GmbH;https://interactiveperformance.de/;
1810;Aware Health GmbH;;
10638;BidX GmbH;https://www.bidx-tool.com;
12183;loopingo GmbH;https://loopingo.com/;
5946;Commercial Excellence GmbH;https://www.comx.io/;
717;Flash Labs GmbH;;
4140;Solarize Energy Solutions GmbH;https://www.solarize.de/;
8182;Youblicity GmbH;https://youblicity.com/;
6526;SCIENCIA GmbH;https://www.sciencia.de/;
3716;BODYCLOCK Technologies GmbH;https://bodyclock.health;
3826;Perla Health GmbH;https://mine-only.com/;
8026;Airless Fashion GmbH;https://www.webertights.com;
11832;mercavus GmbH;https://mercavus.com/;
13561;TonePedia GmbH;https://www.tonepedia.com/;
13571;KitchenAdvisor GmbH;https://www.kitchenadvisor.de/;
11144;Neurogold GmbH;https://neurogold.com;
4596;Adrop GmbH;https://adrop.co/;
3652;Woow Club GmbH;https://woowclub.com/;
6425;Animal Lovers Hamburg GmbH;https://www.peoplewhokaer.pet;
3869;THNG GmbH;https://www.thng.de/;
4185;fible GmbH;https://www.fible.de/;
15206;ImmunometriX UG (haftungsbeschränkt);https://immunometrix.de/;
8628;HIGENA Cleansing and Cosmetics GmbH;https://higena.de/;
10538;MetricsCosmetics GmbH;https://www.aveandedam.com/;
4731;truemorrow GmbH;http://truemorrow.de/;
6237;Green Home Living GmbH;https://klaeny.de/;
5416;Steamatic GmbH;https://steamatic.de/;
10459;bionero GmbH;https://www.bionero.de/;
7292;COBOWORX GmbH;http://www.coboworx.com/;
8847;Küchenheld GmbH;https://www.kuechenheld.de/;
12595;Nova Products GmbH;https://www.nova-products.com/;
4385;Flip GmbH;https://letsflip.de;
8296;Fahrengold GmbH;https://fahrengold.com/;
4453;Refurbio GmbH;https://foxxbee.de/;
4167;SQIN Technologies GmbH;https://www.sqin.app/;
12572;MONAVINCI GmbH;https://monavinci.com/;
2120;Female Health & Pleasure GmbH;https://www.myorg.sm/;
5782;TIF - The Impact Farm GmbH;https://theimpact.farm/;
12384;Rosental Organics GmbH;https://rosental.de/;
1825;SWAN Beauty Tech GmbH;https://www.swanmirror.com/;
769;Datamin GmbH;;
787;Mimotype Technologies GmbH;;
4172;mk2 Biotechnologies GmbH;https://www.mk2.bio/;
5303;QUIN Technologies GmbH;https://www.getquin.com/;
5942;SOIL Skincare GmbH;https://soil-skincare.com/;
12038;Interior Demand I/O GmbH;https://www.pickawood.com/;
12920;northh medical GmbH;http://northh.de/;
11030;Spyra GmbH;https://de.spyra.com/;
7773;Bosque GmbH;https://bosqueplants.com/;
8696;Sentryc GmbH;https://www.sentryc.com/;
475;ANTICIPATE GmbH;https://anticipate.ml/;
11298;wertfaktor Immobilien GmbH;https://www.wertfaktor.de/;
1947;Neural Search Labs GmbH;https://neural-search.ai/;
7743;cloudstock GmbH;https://cloudstock.io/;
3624;Pick & Pack 24 GmbH;http://pickundpack24.de/;
7468;Better by Less GmbH;https://www.better-by-less.com/;
4299;FARMCYCLE GmbH;https://www.farmcycle.de;
3168;ONIC GmbH;https://onic.net/;
7464;SCARAB Business Intelligence GmbH;https://www.scarab-bi.de;
7960;Tucan.ai GmbH;https://rectag.eu/;
8113;hyrd GmbH;https://hyrd.de/;
8140;wayvs GmbH;https://www.wayvs.app/;
4203;one.five GmbH;https://one-five.com/;
12748;Inferno Ragazzi Lifestyle GmbH;https://www.infernoragazzi.com/;
8040;UniverCell Holding GmbH;https://univercell.de;
7334;My Good Beauty GmbH;http://www.mygoodbeauty.com/;
13757;inveox GmbH;https://inveox.com/;
11205;Papas Shorts GmbH;https://papasshorts.de/;
13368;MeinAlarm24 GmbH;https://www.meinalarm24.de/;
7204;Keep Cool Icetrade München GmbH;;
5216;EUMEPRO GmbH;https://www.eumepro.de/;
3185;RS Recommerce Technologies GmbH;http://reverse.supply/;
5388;35up GmbH;https://35up.com/de/home;
8480;GLUCE GmbH;https://www.gluce.com/;
8453;Loyalty Prime GmbH;https://www.loyaltyprime.com/;
1245;ORILABO Project GmbH;;
7819;yamuntu GmbH;https://yamuntu.com/;
8592;Amira Media GmbH;https://www.amira-media.de/;
8614;Gamers Academy GmbH;https://gamers-academy.com/startnow/;
8773;CHARLES GmbH;https://www.hello-charles.com/;
2186;Amazing Brands Group GmbH;https://de.amazingbrands.group/;
13709;Intersellers GmbH;https://www.intersellers.com/;
8833;cirplus GmbH;https://www.cirplus.io/;
7267;Footprint Technologies GmbH;https://footprinttech.de;
11690;Lynden GmbH;https://www.lynden.de/;
4523;AVENYR GmbH;https://www.avenyr.de/;
6635;Datos-Intelligence GmbH;https://www.y42.com/;
13778;Vantik GmbH;https://vantik.com;
11689;LykonDX GmbH;https://www.lykon.de/;
2586;OUR GREENERY GmbH;https://ourgreenery.com/;
5066;Neo Commerce GmbH;https://neocom.ai/;
10128;BRAINSTOXX GmbH;https://www.wallstoxx.com/;
8951;PAXLY GmbH;https://www.paxly.eu/;
9350;SMAHO GmbH;http://smaho.com/;
5524;Fobe.me GmbH;https://fobe.me/;
2459;baybies GmbH;https://www.baybies.de/;
12097;XK Rocket GmbH;https://vollgoas.de;
3269;Menta Health GmbH;https://www.menta.studio/;
4642;DECHEA GmbH;https://www.dechea.com/;
9322;MetisMotion GmbH;http://metismotion.com/;
9021;skillgainer GmbH;https://skillgainer.de/;
5173;HyPro-Innovations GmbH;http://hypro-innovations.de/;
1101;myCor GmbH;;
3726;Priceloop GmbH;https://priceloop.ai/;
5584;MeinLieblingsposter GmbH;https://www.meinbabyposter.de/;
3312;ShoeFitter GmbH;https://shoefitter.io;
9478;Asvin GmbH;https://www.asvin.io/;
11565;Winterscheidt GmbH & Co. KG;https://www.ankerpunktshop.de;
5880;The Plant Box GmbH;https://theplantbox.de;
11913;CheckForPet GmbH;https://www.checkforpet.de;
1378;JMC Footwear GmbH;;
16436;SliderStraw UG (haftungsbeschränkt);https://sliderstraw.com/de/;
9815;Risk Prevent Software GmbH;https://risk42.com/;
7442;Woodstox GmbH;https://woodstox.de/;
13155;MediCann Handels GmbH;https://medicannhandelsgmbh.de/;
5479;Dermagreen GmbH;http://dermagreen.de/;
10312;Chefslist GmbH;https://www.chefslist.de/;
10534;Edutapps GmbH;https://www.maphi.app/;
10569;Partum GmbH;https://www.construyo.de/;
15477;Regiobuy UG (haftungsbeschränkt);http://regiobuy.online/;
7724;edyoucated GmbH;https://edyoucated.org/;
1058;eGora GmbH;https://www.egora.online/;
10909;Trailerdata GmbH;https://trailerdata.de/;
7744;CREED Sleep Systems GmbH;https://doublespringbox.de/;
8867;Brainchildren GmbH;https://brainchildren.de/;
11437;Spreaducation GmbH;https://www.spreaducation.de/;
1242;Milkly GmbH;https://milkly.de/;
1281;eCash+ GmbH;http://ecashplus.de/;
9451;Sanna Lindström GmbH;https://sannalindstroem.de;
8050;Needles&Skin Aesthetic Care GmbH;https://www.needlesandskin.com/;
4221;VetVise GmbH;http://www.vetvise.com/;
11877;BIOMES NGS GmbH;https://biomes.world/;
4807;Saiga GmbH;https://www.saiga.co;
3725;PHARALL GmbH;https://www.pharall.de/;
15291;Quantum Technologies UG (haftungsbeschränkt);https://quantumtechnologies.de;
12464;Epimune GmbH;https://www.epimune-dx.com/;
2926;cleverly edu GmbH;https://cleverly.de/;
4225;Bonnie & Spike GmbH;http://bonnie-spike.de/;
13094;Evy Solutions GmbH;https://www.evy-solutions.de/;
7108;Culcha GmbH;https://culcha.com/;
1997;Atheneum Partners Holding GmbH;https://www.atheneum.ai/;
14392;COUP Technologies UG (haftungsbeschränkt);https://www.coup.app/;
7715;Policy-Insider.AI GmbH;http://policy-insider.ai/;
5848;TCC GmbH;;
6788;XaaSfarm GmbH;https://www.xaas.farm/;
7941;immune GmbH;https://immu.ne/;
11709;Pielers GmbH;https://www.pielers.de;
13603;promejo GmbH;https://www.promejo.de;
530;Qdrant Solutions GmbH;https://qdrant.tech/;
8521;Deep Safety GmbH;https://deepsafety.ai/;
8673;STABL Energy GmbH;https://m-bee.net/;
8595;ForestGum GmbH;http://forestgum.de/;
8677;fashiontale GmbH;https://www.fashiontale.de/;
8858;Peregrine Technologies GmbH;https://peregrine.ai/;
8856;Inga GmbH;https://www.inga.one/;
9018;Lambus GmbH;https://www.lambus.io/;
4503;LUVIS AI GmbH;https://luvis.ai/;
11664;REXCAR GmbH;https://www.rexcar.com/;
7626;Condo Group GmbH;http://www.condogroup.de/;
9354;Blustoxx GmbH;https://blustoxx.com/;
4380;Weloka Service GmbH;https://www.weloka.de/;
9434;Advanced Microfluidic Systems GmbH;https://admisys-gmbh.com;
3847;Coyooco GmbH;https://www.coyooco.de/;
9911;Abihome GmbH;https://www.abihome.de/;
10133;Smartricity GmbH;https://smartricity.de;
735;SESSIONS.link GmbH;https://sessions.link/;
10355;PlastFormance GmbH;https://www.plastformance.com/;
10415;Food Lounge GmbH;;
10719;BenFit-Nutrition GmbH;https://getbenfit.com/;
10814;Smokeless.world GmbH;https://smokeless.world/;
8445;medocs GmbH Medical Data & Software Services;https://www.medocs.org/;
11056;oculid GmbH;https://www.oculid.com/;
4772;Tacto Technology GmbH;https://tacto.ai;
3559;Elara Digital GmbH;https://www.getelara.de/;
11669;CHARGE-V GmbH;http://www.charge-v.com;
11982;Afilio - Gesellschaft für Vorsorge mbH;https://www.afilio.de/;
1698;Stage.cloud GmbH;;
12124;HQS Quantum Simulations GmbH;https://quantumsimulations.de/;
12171;MOIO GmbH;https://moio.care/;
12349;Peaq Technology GmbH;https://www.peaq.io/;
12847;Yard GmbH;https://yard.ag/;
6960;CapTec Analytics GmbH;https://lendary.net;
13876;AssistMe GmbH;https://www.assistme.io/;
13151;YFood Labs GmbH;https://www.yfood.eu/;
3130;GOLFLEADS GmbH;https://golfleads.de/;
8149;Feelbelt GmbH;https://www.feelbelt.de;
1921;Dine In Taste GmbH;https://getvoila.com/;
13911;Nexxt.One Alpha GmbH;https://crowdheroes.de;
14509;HllVE UG (haftungsbeschränkt);https://www.hiive.eu/;
2768;VIL GmbH;https://www.vil.schule/;
4844;nirgend GmbH;https://nirgend.media/;
3949;Apricot Health GmbH;https://www.apricot-hilft.de/;
3508;Sysmagine GmbH;https://sysmagine.com/;
5023;RiskMiner GmbH;https://www.riskminer.io/;
2110;NaPaGen GmbH;http://napagen.de/;
4907;GP 9000 GmbH;;
7110;felmo GmbH;https://felmo.de/;
9342;SafeNow GmbH;https://safenow.de/;
9889;Hawk AI GmbH;https://www.hawkai.tech/;
10013;UNBIND GmbH;https://www.unbind.io/;
10076;JOBODO GmbH;https://jobodo.de/;
10147;Planery Digital GmbH;https://planery.net;
5064;Bluu GmbH;http://bluu.bio/;
10313;DaThera Consumer Health GmbH;https://good-n8.de/;
5517;Alaiko GmbH;https://www.alaiko.com;
5095;Lohnmühle GmbH;https://lohnmuehle.de/;
15719;pitch !t UG (haftungsbeschränkt);https://pitch-it.org/;
10399;Lano Software GmbH;https://www.lano.io;
5984;Modiblast Pharma GmbH;https://www.modiblast.com;
7297;Einfach zum Angebot GmbH;https://einfach-zum-angebot.de/;
13308;Climedo Health GmbH;https://climedo.de/;
13439;Weeve GmbH;https://www.weeve.network/;
1941;doinstruct Software GmbH;https://www.doinstruct.com/;
10672;The Meditation Company GmbH;https://meditopia.com/de/;
11351;Popcore GmbH;http://popcore.com/;
11383;Zahnarzt-Helden GmbH;https://zahnarzt-helden.de/;
10484;Suburban Seafood Nebelschütz GmbH;https://suburban-seafood.com/;
6954;GetMomo Financial GmbH;https://www.simplo.app/;
5821;Enari GmbH;https://www.enari.de/;
5923;NATIX GmbH;https://natix.io/;
2445;Kyon Energy GmbH;https://kyon-energy.de/;
7754;aidhere GmbH;http://www.aidhere.de/;
13551;SIRPLUS GmbH;https://sirplus.de/;
8993;Alcemy GmbH;https://alcemy.tech/;
8443;Energy Robotics GmbH;http://energy-robotics.com/;
3961;ActiTrexx GmbH;http://actitrexx.de/;
8052;sewts GmbH;https://www.sewts.de/;
6568;Emerging Insights GmbH;https://emerging-insights.de/;
6677;rubarb GmbH;https://www.rubarb.app/;
16578;Unlock Nature UG (haftungsbeschränkt);https://activatedme.de;
7547;TensorParc GmbH;https://www.tensorparc.com/;
16678;Gaia Sustainable Concept UG (haftungsbeschränkt);https://www.gaiastore.de/;
6801;paiqo GmbH;https://paiqo.com/;
6858;SEA ME GmbH;https://sea-me.com/;
8794;foodcircle GmbH;https://www.foodcircle.com/;
8558;TecIntelli GmbH;https://www.tecintelli.de/;
8781;Sizolution GmbH;http://www.sizolution.com/;
8650;1Home Solutions GmbH;https://www.1home.io;
1552;LOCATA Analytics GmbH;https://locata.eu/;
991;Anyskill Technologies GmbH;https://aveo.one/;
11176;Claim Solutions GmbH;https://iubel.de/;
1042;VAYS GmbH;https://vays.io/;
1044;Bimyo GmbH;http://bimyo.de/;
8612;Avareto GmbH;https://www.verbands-app.com/;
7814;DELABO.GROUP Beteiligungs GmbH;https://www.delabo.com/;
10799;Navitect Bio GmbH;;
7294;DeepUp GmbH;https://deepup.de/;
7358;Climate Labs GmbH;https://klima.com/;
5620;digiblue GmbH;https://www.digiblue.de/;
9317;StartMark GmbH;https://www.startmark.de/;
7356;BlockRocket GmbH;https://www.blockrocket.io/;
3917;Catena GmbH;https://www.catena.software/;
13422;CAPTIQ GmbH;https://captiq.com/;
11116;MindPeak GmbH;https://www.mindpeak.ai/;
7488;elexon GmbH;https://www.elexon-charging.com/;
1265;HOMB GmbH;https://www.homb.de/;
11761;philandro Holding GmbH;https://philandro.com/;
8772;AutLay - Automatisches Layout GmbH;https://www.autlay.com;
12012;BELLISSY Deutschland GmbH;https://www.bellissy.de/;
11115;GOLFCLIX GmbH;https://www.golfclix.de;
11376;Pakama Athletics GmbH;https://pakama-athletics.com;
8964;CI Cloud Item GmbH;https://clouditem.co/;
9081;OKAPI:Orbits GmbH;https://okapiorbits.space/;
9153;Veomo Mobility GmbH;https://www.mobily.me/;
9803;SPARETECH GmbH;https://www.sparetech.io/;
10028;retorio GmbH;https://www.retorio.com/;
10260;MXC Foundation gGmbH;https://www.mxc.org/;
5841;DiGA Factory GmbH;https://digafactory.de/;
10765;Degura GmbH;https://www.degura.de/;
10812;Bella & Bona GmbH;https://bellabona.com/;
10925;jbriels GmbH;https://www.jbriels.com;
7144;Mister Cannabis GmbH;https://mistercannabis.de;
8214;Cuore Technology Hamburg GmbH;;
13013;EINHUNDERT Energie GmbH;https://einhundert-energie.de/;
1563;Crowd Technologies GmbH;https://www.crowd.dev/;
1142;APOYNT Software GmbH;;
11659;buchhalter.pro GmbH;https://buchhalter.pro;
10441;Schüttflix GmbH;https://www.schuettflix.de/;
6142;HTC Heritage Type GmbH;https://www.heritagetype.com/;
12247;Couch Gourmet GmbH;https://couch-gourmet.com;
3794;Weflow GmbH;http://www.supercam.io/;
12404;Iconic Holding GmbH;https://iconicholding.com/;
3881;fyrfeed GmbH;https://winstate.io/;
9413;Wellster Healthtech Group GmbH;https://www.wellsterhealth.com/;
4047;Threedy GmbH;https://www.threedy.io/;
11876;BeyondBuild GmbH;https://beyondbuild.com/;
12933;Audry GmbH;https://www.audry.io/;
4403;URGROW GmbH;https://urgrow.de/;
1900;Mistho GmbH;https://www.mistho.io/;
3025;AUTOVIO GmbH;http://autovio.de/;
13196;welearn GmbH;https://www.wehorse.com/;
2213;Creatify GmbH;;
2317;MAYD Group GmbH;https://www.getmayd.com/;
4789;Sleep Tech GmbH;https://www.sleeptec.de/;
4826;Alle Leben GmbH;http://alle-leben.de/;
4857;pandapass GmbH;http://pandapass.de/;
5057;voize GmbH;https://voize.de/;
12937;Legal Hero GmbH;https://legalhero.de;
5698;FarmTiger GmbH;https://www.farm-tiger.de/;
5824;iMRail Technology GmbH;;
6820;SiSlify GmbH;https://www.sislify.de;
6850;Cognilize GmbH;https://www.cognilize.com/;
7046;Frequenz Energy-as-a-Service GmbH;https://frequenz.com/;
13560;Superseven GmbH;https://www.superseven.eu/;
7609;Circunomics GmbH;https://www.circunomics.com/;
7440;Resilience Digital Solutions GmbH;https://www.resilo.de/;
3447;Infra Equity GmbH;https://www.infra-equity.de/;
7804;iATROS GmbH;https://www.i-atros.com/;
9625;ZYP.ONE GmbH;https://www.zyp.one/;
7892;smirror GmbH;https://smirror.io/;
13585;Plantura GmbH;https://www.plantura.garden/;
4903;CapCo Bio GmbH;http://capcobio.com/;
8326;Arcware GmbH;https://www.arcware.com/;
8678;Fireschutz GmbH;https://brandschutz-zentrale.de/;
8764;apheris AI GmbH;https://www.apheris.com/;
10537;Knister GmbH;https://knister-grill.com/;
2705;sento GmbH;https://sento.io/;
16327;FUSE Dating UG (haftungsbeschränkt);http://www.fuse.dating/;
8905;DESERTFOODS International GmbH;https://www.desertfoods-international.com/;
12784;Uniq Coaching GmbH;https://thenextwe.com/de/;
9276;SMAVOO GmbH;https://www.smavoo.de/;
5012;Wonder Technologies GmbH;https://www.wonder.me/;
9414;W+F Engineering GmbH;https://camping-butler.de/;
9554;DigitalTwin Technology GmbH;https://www.tunnelware.io/;
7607;Uncap GmbH;https://www.unconventional.capital;
10179;ENLYZE GmbH;https://enlyze.com/;
5043;CROWDBUILDING Technology GmbH;https://crowdbuilding.technology;
5549;TLG Health GmbH;https://www.tlg-health.com/;
10971;datalytix.io GmbH;https://www.datalytix.io/;
4092;bel.guard GmbH;;
3256;VoiceLine GmbH;https://www.getvoiceline.com/;
12526;Perfood GmbH;https://www.perfood.de/;
12803;bee smart city GmbH;https://www.beesmart.city/;
12899;Brighter AI Technologies GmbH;https://brighter.ai/;
12978;troy GmbH;https://www.troy-bleiben.de/;
13026;CCEX Cloud Commodities Exchange GmbH;https://ccexgroup.com;
11018;Samdock GmbH;https://daypaio.com/;
11134;mediaire GmbH;https://mediaire.de/;
13179;AVA Lifescience GmbH;http://www.ava-lifescience.com/;
13170;smallstack GmbH;https://smallstack.com;
13567;Central BioHub GmbH;https://www.centralbiohub.com/;
10748;Humanitec GmbH;https://humanitec.com/;
2184;Panazee GmbH;;
6645;Skyland Wealth GmbH;https://skylandwealth.com/;
13495;JET CEUTICALS GmbH;https://www.jet-ceuticals.de/;
8409;SUSHI Mobility GmbH;https://sushi-bikes.com/;
13682;Innovailably GmbH;https://company.whyapply.de/;
13792;stilform GmbH;https://stilform.com/;
10108;Sharpist GmbH;https://www.sharpist.com;
12786;VisionHealth GmbH;https://visionhealth.gmbh/;
13601;Leonyte Biosystems GmbH;https://www.leonyte.com/;
2196;Perfect-iD GmbH;https://www.perfect-id.com/;
2578;Atlas Metrics GmbH;https://www.atlasmetrics.io/;
9687;d:AI:mond GmbH;http://daimond.ai/;
4734;HappyGlam GmbH;https://www.happyglam.de;
13122;1nce GmbH;https://1nce.com;
5634;Gebrüder Schlürf GmbH;https://sahnehirsch.de/;
80;Printoptix GmbH;https://www.printoptics.de/;
11082;just green GmbH;https://www.ma-tea.de/;
6122;COLOR JACK GmbH;http://www.color-jack.com/;
6827;Maniko Nails GmbH;https://www.maniko-nails.de/;
13527;AMN Data Solutions GmbH;https://www.getcaya.com/;
6944;NXT Pharma GmbH;https://nxt-pharma.com/;
8538;eevie GmbH;https://www.eevie.io/;
13127;Matchday Nutrition GmbH;https://so-schmeckt-erfolg.de/;
9585;prepmymeal GmbH;https://www.prepmymeal.de;
6663;TrueSkin GmbH;https://true-skin.de/;
6692;Evernest GmbH;https://www.evernest.com/;
2361;Countercheck GmbH;https://www.countercheck.org/;
12208;findervest GmbH;https://findervest.com/;
10182;Jambl GmbH;https://www.jambl.app/;
3863;Neotes GmbH;https://neotes.care;
12567;Avoid Murphy Products GmbH;https://avoidmurphy.com/;
12836;EcoG GmbH;https://ecog.io/;
4397;ROB'E GmbH;https://rob-e.org/;
2225;Human First GmbH;https://remi.so/;
11853;shape me GmbH;https://shapeme.com/;
11343;anytips GmbH;https://www.circl.link/;
6133;TUTAKA GmbH;https://tutaka.com/;
8344;Phantasma Labs GmbH;https://phantasma.global/;
6713;innus GmbH;https://innus.de/;
13965;Workpath GmbH;https://www.workpath.com/;
5691;Companyon Analytics GmbH;http://www.companyon.de/;
3034;B66 Therapeutics GmbH;;
10335;CanaProd Pharma GmbH;;
9941;gitti GmbH;https://www.gittibeauty.de/;
10372;Foodly GmbH;https://www.getfoodly.com/;
10732;camperliebe GmbH;;
11341;mentalis GmbH;https://www.mentalis-health.com;
15334;ABC Docs UG (haftungsbeschränkt);https://abcdoc.ai/;
10200;Castle Tech GmbH;https://caronsale.de/;
17095;Pariot UG (haftungsbeschränkt);https://www.pariot.de;
3604;onetask.ai GmbH;https://www.onetask.ai/;
4269;CdC3 GmbH;https://www.mercanis.com/;
5743;EqualTo GmbH;https://www.equalto.com/;
3705;Webmotion.cloud GmbH;https://www.webmotion.cloud/;
12060;PlanBlue GmbH;https://www.planblue.com/;
7182;Lineupexplorers GmbH;https://www.luex.com/;
3551;Smart Flow Irritech Solutions GmbH;https://www.smartflowsolutions.de/;
9602;intertempi GmbH;https://www.intertempi.com/;
8793;Aitme GmbH;https://aitme.com/;
14544;Tapline UG (haftungsbeschränkt);https://tapline.io/;
16377;Empirio UG (haftungsbeschränkt);https://www.empirio.de/;
8184;Finoa GmbH;https://finoa.io/;
1851;Climatiq Technologies GmbH;https://climatiq.io/;
6813;FERNRIDE GmbH;https://www.fernride.com/;
16380;UNLCKED UG (haftungsbeschränkt);https://www.unlcked.com/;
1076;Fysor GmbH;http://fysor.de/;
16842;Men.Care UG (haftungsbeschränkt);https://men.care;
11448;Lintum GmbH;https://www.lintum.com/;
13904;Kenjo GmbH;https://www.kenjo.io/;
3187;aiConomix GmbH;https://aiconomix.com/;
6693;LocatYa GmbH;https://locatya.com/;
7419;Findigi GmbH;;
10124;VCHFY GmbH;https://www.vchfy.com/;
9291;Chattyco GmbH;http://chattyco.com/;
6079;Creatext GmbH;https://creatext.ai/;
13676;playSports GmbH;https://playsports.world/;
12956;Nuventura GmbH;https://www.nuventura.com/;
5667;Yaliyomo GmbH;https://yaliyomo.net/;
11153;fintechOne mobility GmbH;https://flowcar.eu/;
5202;paretos GmbH;https://prosim.tech/;
11468;Cliniserve GmbH;https://www.cliniserve.de/;
10239;Myndseed GmbH;http://www.watchbooks.de/;
12332;Trust Fractal GmbH;https://www.trustfractal.com/;
12530;IRUBIS GmbH;https://irubis.com;
5461;10er Karte GmbH;https://10erkarte.de/;
13123;Allisa Software GmbH;https://allisa.software;
13162;Go Crush GmbH;https://www.meet5.de/;
2494;Clay Health GmbH;https://join-clay.com/;
2769;Vourus GmbH;https://www.vourus.de/;
12299;itsmydata GmbH;https://itsmydata.de/;
14285;Scoby UG (haftungsbeschränkt);;
14526;Algenfels UG (haftungsbeschränkt);https://algenfels.de/;
2408;Simpmatch GmbH;https://driverhero.de/;
16934;Travelsation UG (haftungsbeschränkt);https://www.joinmytrip.de/;
15011;kompensio UG (haftungsbeschränkt);https://www.kompensio.com/;
3299;Rysk GmbH;https://rysk.io/;
138;Proton Camera Innovations GmbH;;
3830;Breaklounge GmbH;https://breaklounge.de/;
5470;Rhenlic GmbH;;
7720;MM Platforms GmbH;https://www.mineralminds.de/;
2251;smartbax GmbH;http://smartbax.de/;
4741;WorkMotion Software GmbH;https://www.workmotion.com/;
2869;includo GmbH;http://includo.net/;
9365;sensry GmbH;http://sensry.net/;
17161;SONAL Technologies UG (haftungsbeschränkt);;
1720;FintechX GmbH;https://fintechx.eu;
2410;Yababa GmbH;https://www.yababa.com/;
12915;StopApp GmbH;http://www.stopapp.de;
13195;Valuedesk GmbH;https://www.valuedesk.de/;
6441;Nia Health GmbH;https://www.nia-health.de/;
8093;DEA Digital Education Academy GmbH;https://www.sachkundegurus.de/;
5317;infinnity financial technologies GmbH;https://de.getpliant.com/;
8640;LOEWI GmbH;https://loewi.com;
8219;retraced GmbH;https://retraced.co/;
188;Triviar Education GmbH;https://triviar.de/;
8233;Heritas GmbH;https://www.erblotse.de/;
11238;elo Games GmbH;https://www.elo-games.com/;
3711;SYNCED GmbH;;
4817;hitcap esports GmbH;https://hitcap.gg/;
5803;byways GmbH;http://byways.io/;
2664;The Dude Food Company GmbH;https://dogs-tiger.de/;
15589;CP Pharma Innovation UG (haftungsbeschränkt);https://www.cbdinol.com/;
11033;AHEAD Systems GmbH;https://ahead-academy.de;
8122;Beducated GmbH;https://beducated.com/;
13432;license.rocks GmbH;https://license.rocks/;
281;021 Software GmbH;https://www.gethorizon.net/;
284;holy shocolate GmbH;https://holyshocolate.com/;
13479;elfolion GmbH;http://www.elfolion.de;
13791;reCup GmbH;https://recup.de;
5999;Wunderproducts GmbH;https://www.robs-originals.com;
1617;TCG-Vault GmbH;https://tcg-vault.de/;
6696;UVENTIONS GmbH;https://uventions.com/;
12719;Laserhub GmbH;https://laserhub.com/;
6969;FILICS GmbH;https://www.filics.eu/;
536;ZERO defects GmbH;https://zerodefects.com/;
7426;PSS - Pharma Service Systeme GmbH;https://pharma-service-systeme.de/;
633;wyz GmbH;https://wyz-shop.com/;
4754;aHead Solutions GmbH;https://ahead-app.com/;
10786;Windcloud 4.0 GmbH;https://www.windcloud.de;
7493;ParkDepot GmbH;https://www.park-depot.de;
6446;Fastic GmbH;https://www.fastic.com/;
8183;Ebenbuild GmbH;https://www.ebenbuild.com;
7886;VF Nutrition GmbH;http://www.vlyfoods.com/;
8922;Softr Platforms GmbH;https://softr.io/;
9262;Kamedi GmbH;https://heatit.de/;
9319;CloudRail GmbH;https://cloudrail.com/;
9371;FlowFox GmbH;https://www.flowfox.de/;
10173;remberg GmbH;https://www.remberg.io/;
9923;wirfliegendrohne.de GmbH;https://www.wirfliegendrohne.de/;
10134;Tubedo GmbH;https://www.tubedo.de/;
11240;Healthmetrix GmbH;https://www.healthmetrix.com/;
8228;eze.network GmbH;https://eze.network;
12898;AskBy GmbH;www.askby.ai;
8649;Zavvy GmbH;https://www.thelifecompany.com/;
6729;XT Xia Tea GmbH;https://www.xiatea.de/;
4425;Starpost 030 GmbH;;
1231;Payrails GmbH;http://payrails.com/;
6775;Nimo GmbH;https://www.discoeat.de/;
8033;Lulo Capital GmbH;https://steuerberater.com/;
11011;MEEVO Healthcare GmbH;https://www.meevo.de/;
8712;Beyto GmbH;https://www.beyto.com/;
5632;Blaue Helden GmbH;https://blauehelden.de/;
6180;AngelDesk GmbH;https://angeldesk.io/;
12833;Colorimetrix GmbH;https://www.colorimetrix.com/index.html;
11878;getbaff GmbH;https://baff.app/;
2628;KitchX GmbH;https://www.kitchx.de/;
14106;SLL Automotive Group GmbH;https://2trde.com/;
13878;completeorganics GmbH;https://www.completeorganics.de/;
5555;compa Construction Solutions GmbH;https://compa.co/;
12596;Qualifyze GmbH;https://www.qualifyze.com/;
4732;codevance software development GmbH;https://www.codevance.de/;
10601;Borg Collective GmbH;https://hive.one;
10219;Edumode Software GmbH;https://smart-learn.app/;
10768;salted GmbH;https://www.saltedbeauty.com/;
12989;Mozzaik GmbH;https://www.mozzaik.shop;
12050;Sunshine Smile GmbH;https://plusdental.de/;
10996;aifora GmbH;https://aifora.com/;
12271;Upvest GmbH;https://upvest.co/;
13520;ArrowTec GmbH;https://www.arrowtec.de/;
9442;Realtime Technologies GmbH;https://kayzen.io/;
7671;Hope Applications GmbH;https://hope-app.net/;
3315;baumento GmbH;http://www.baumento.de/;
2404;ostermeier H2ydrogen Solutions GmbH;https://ohs.energy/;
2006;natuamo GmbH;http://natuamo.com/;
1895;Upmin Holding GmbH;https://www.upmin.de/;
10777;Hyconnect GmbH;https://www.hyconnect.de/;
10791;besser zuhause GmbH;https://besserzuhause.com;
6558;everdrop GmbH;https://www.everdrop.de/;
16323;heydrate UG (haftungsbeschränkt);https://heydrate.com/;
6910;LegalTegrity GmbH;https://legaltegrity.com;
13040;StoryBox GmbH;https://storybox.cloud/;
4650;Twinwin GmbH;https://twinwin.org/;
1203;Anthrobotics GmbH;https://anthrobotics.de/;
7593;Ababax Health GmbH;http://www.ababax.de/;
7331;GetSteps GmbH;https://www.get-steps.com/;
13940;DESLAB GmbH;http://deslab.eu;
6998;Co-Tasker GmbH;https://www.co-tasker.com/;
9816;Vay Technology GmbH;https://vay.io/;
8392;TiRo CheckEnergy GmbH;https://selfmade-energy.com/;
15134;Specter Smith UG (haftungsbeschränkt);http://spectersmith.com/;
5465;KELO Robotics GmbH;https://www.kelo-robotics.com/;
12645;rapitag GmbH;https://rapitag.com;
9424;estateOS GmbH;http://frere.de/;
17187;One Coworking UG (haftungsbeschränkt);https://onecoworking.com/;
13870;Othoz GmbH;https://othoz.com/;
4335;350PPM Biotech GmbH;;
3191;FrontNow GmbH;https://frontnow.com/;
3380;BeYourHero GmbH;https://www.klazmo.de/;
2490;UMH Systems GmbH;https://www.united-manufacturing-hub.com/;
14101;BringLiesel GmbH;https://www.bringliesel.de;
534;Tilo Tech GmbH;https://tilotech.io/;