"tl;dv"
SyncReality
iotis
Yunex Traffic
Briink
Bestgameprice.net
Hawa Dawa
ngena
ngena
pado
Freshflow
Recare
Wildplastic
SmartNanotubes Technologies
Onstruc
Lignopure GmbH
Agrivero.ai
luca
Turbo
Priv
rubarb
Guild
Volders
Qreuz
CryptoTicker
JANSZKY GmbH
benchANT
Innocent Meat
Clinomic
Assembly
EGYM
Mosaeek
PlanBlue
Voltfang
Dropp
SellerX
Billie
Razor Group
Gorillas
Habyt
paretos
Ruuky
Celonis
wewave
Aleph Alpha
Meine Erde
Enpal
Tomorrow
Yepoda
Xentral